ICA_1,ICA_2,ICA_3,ICA_4,ICA_5,ICA_6,ICA_7,ICA_8,ICA_9,ICA_10,Runtime_seconds
1.257050025069841,-0.19224219152189934,0.3857266667642,0.05319315259429686,-0.6774297401267145,0.5138551717924176,-0.6426280124344061,0.5406536046637843,0.22671377871038137,0.02897009879970305,2.144538402557373
0.017009527536182265,0.2012346271376992,-0.485945139286647,0.08556648193185588,-0.11859415145466456,-0.13077159689780468,-0.5558263944037999,-0.1021721627882377,5.160857824093755,0.5564045921117131,2.144538402557373
0.7904385547623237,-1.2494035784947872,0.19377715503096724,-0.693930194890494,-0.29507306491295726,0.2385799593802055,-0.8667615523182174,-0.7175227932070669,-0.5441991539379484,-0.7311970969347927,2.144538402557373
0.7531586754297002,-1.3584917072961078,0.5858856938446395,-0.4946894155390073,-0.43095505849106247,-1.7023770994668468,-0.1438205598723465,-0.2510313319006444,1.1554014495706832,-0.6159470239943765,2.144538402557373
-0.6247208310918617,-0.6627524590939279,-0.2473599346545576,0.09396234651943618,0.29911371784697377,-0.5933033025736778,-0.019043218855124132,0.8069326489584935,-0.0495335026010599,-0.9734814924191542,2.144538402557373
-1.1638901611636951,0.8314816561638274,0.19261495145900415,-0.06403446592983712,-0.6550906694445062,-0.0818580887155438,-0.3636557029615678,1.2476642585621276,0.6523386011623687,-1.0792538499138016,2.144538402557373
-1.1462112038617058,1.495413835472387,0.46040990501862783,0.3465682818685629,-0.47723098198537617,1.2257702990165462,0.38950536543910586,0.8791978786252193,-0.20589943099259342,-1.1847298101889938,2.144538402557373
-0.149994971928332,-0.8364466314612948,0.2477019984233567,-0.4248508093376081,-0.3123796861515958,-0.1752809878518188,-0.026642068022141446,-1.9966459985363136,0.04014490013578941,-0.5145251699290809,2.144538402557373
-0.29043787457789216,0.5339880333430959,0.17084109471688616,-0.557447165376876,0.10515116552548537,0.16002770872219585,0.26173128688206265,-0.11376525832442358,2.2595244074470173,1.358780915559203,2.144538402557373
-0.6417740882905972,0.7614941559175361,-0.031144174402846288,-0.09765667796360337,-0.40174391970131784,-0.08489047953515873,-0.24148702884814213,1.0939463229364343,1.210481162362432,-1.1591054427590624,2.144538402557373
0.6749821063445003,1.9307711392377453,-0.6303937180845842,-0.11565865823236307,2.0451570867820705,-0.640622903050108,-1.0395150261997965,0.03505712745140961,-0.5085265941446949,-0.10269394581352011,2.144538402557373
-0.5198826960037128,1.135025516169234,0.515904860711946,-0.3867661017252036,0.6060603269056992,0.062134256862038204,-1.3989737310003383,-0.06812797946372252,-0.052666272188705336,1.465715549315375,2.144538402557373
-1.4125493498595476,1.7674285002517574,0.6923983632116979,-0.15687386059160816,-0.08283261454018427,0.7873802747873015,-0.9402673639757374,-0.32562424679693636,0.21943748698421842,-0.34049270764323614,2.144538402557373
-1.655150619385002,0.06834312331603536,0.7073266522437254,-0.35743482073852895,-0.6092917318370399,-0.3154468788976249,-0.1875312505551218,0.629189425811784,0.19946328918809023,-0.355088748781019,2.144538402557373
-0.8431986639854644,0.2500304548664198,-0.16322855076004542,0.04399875958349568,-0.9967941801762276,-0.8242305768196769,0.03717737593283616,1.395023155831405,0.23024393415966027,-1.8381242825378545,2.144538402557373
-0.010357876143947762,0.6320255163267341,0.4929352505394352,-0.32792894192625244,3.1581834035633047,-0.09337876724104996,-0.4751012386282212,-0.5390167589352409,0.31789780109384846,-0.4935353352503339,2.144538402557373
-0.601746513986537,1.2576954940612013,0.08750338825903407,0.40402666416621136,-0.07972271450678318,-0.28047455066471827,-1.4365902447709864,0.4459172416438819,0.8441654906085875,0.43047896582446626,2.144538402557373
-0.9480850286872422,-0.3741559355536022,0.2897729429817665,-0.785094505248287,-0.1919119917605147,-0.3061440794037748,1.7916028917437234,-1.085950929317601,-1.0358788969206074,0.8059448619755855,2.144538402557373
-0.8725367362945268,-0.7609903744015806,0.5551059184345348,-0.9197907883796929,-0.27872264170131783,0.48748333328269394,-1.3496481616161637,-0.779345787648233,-0.4726868682749987,1.7024375697762133,2.144538402557373
0.45513834096418204,-1.272292264154206,-0.20575484368317334,-0.7392085866397403,-0.40327991879849745,-0.16169233950946504,-0.9791742923876657,-1.9626032244109195,-1.0729583283137532,-0.9240120076675271,2.144538402557373
1.3007143511282295,-0.9200170769573587,0.6529993055621287,-0.35604296288481385,0.24975100705603348,0.9883749629337154,0.5648033136825594,-0.19124503957983227,-0.4195319162371808,-0.23668074026420793,2.144538402557373
-0.38741058436464504,-0.7923539638524559,-0.9623719042346891,-0.19539388735152738,0.5511825776663958,1.3650384065875825,0.9671244982737861,-2.929460224275057,-0.8911084898539804,-1.3649118059539993,2.144538402557373
0.17095485298682175,-1.271270104363759,0.5827740818661284,-1.0782386939513047,-0.09490214003101807,-0.3323216706144889,-0.8450615242568812,-0.6473299273622302,-0.22893294084373714,0.13910968922387246,2.144538402557373
0.9824887940790646,-0.8736516326138452,0.06954611279021958,-0.9393001274178101,-0.37060918978508467,0.6785508511836226,-0.9044558066762576,-1.6195848356847626,-1.0789767977856508,-1.1871979946659357,2.144538402557373
-0.15809106076852167,-0.7912727434023935,0.6987607694870256,-0.9463628945978465,0.18127689325262422,0.7493561764615967,1.076168051567576,-1.4028870512151963,1.4744056105886325,-0.37563225781663334,2.144538402557373
1.1191549683672195,-1.3203731822360312,0.7618244508858025,-0.39865604841825425,-0.19993107534601423,1.751461604307608,-0.5583882059972833,0.009205945147843933,0.05392388775207205,-0.48930597431267137,2.144538402557373
0.23098189879329306,-1.208387465388237,0.8792696221929855,-0.8924502563377491,-0.3909837750364696,-0.04567211153544248,-0.7809878997366305,-0.5978894169914196,-0.32832367965770004,0.3582305839358487,2.144538402557373
-0.571069574658082,-0.7443789352334056,1.2952060188862673,-0.7705982448662206,-0.2692883502576037,0.13545679887063153,-1.430688533756002,0.015282356638512375,0.4213249705362533,2.4524616783227513,2.144538402557373
0.9470444957344735,0.06550863407299326,-1.8793455700266064,-0.32597184463887213,-0.33849850834916884,1.566594239415995,-1.2922109095619583,-0.5822416982234669,-0.9005930816768752,0.26272098116461085,2.144538402557373
0.4281790190321619,-0.7837930298050471,0.6482232503327788,-0.46807843340113164,-0.31061543124832536,-0.5618353173136209,-1.0546639588193527,0.552991232202961,0.6334464628730899,1.0667357675510722,2.144538402557373
-0.605390954901647,-0.903030228061894,1.2099674657806103,0.03858853972630313,-0.4499846404598213,0.8340472904935248,0.11444586394795374,0.37005099129863117,-1.1533783625911707,2.0454927411319703,2.144538402557373
0.5482625057117035,-1.7062921741633612,0.5890908315315637,-0.9243549967829835,0.1375833802486096,0.0035130530837004527,-1.0981331627742315,-0.3690445677125343,0.3770419458127153,0.053900716613705886,2.144538402557373
0.015592004810526484,-0.6253226320100692,0.760049599721139,-1.1623784192172262,-0.16800261673803776,0.27069936901026215,-0.1179993878511207,-1.7999565168469263,1.1856998517310202,-0.4832898982813042,2.144538402557373
0.39647989113096155,-1.747386214268844,0.3049959863264289,-0.45222506360288584,-0.21521932185202666,0.029314382305069737,-1.6976573454112938,0.25016945713732586,-1.0192860628933262,0.31267208048175676,2.144538402557373
-0.611332156874738,-1.1130781862019272,0.4028326609683454,0.056700971299297964,0.2844005949669072,0.19793211560640128,-0.27152065810253545,-0.17982593227991076,-1.3461534742776378,1.3631282114436118,2.144538402557373
-1.969037945754764,-0.5701579563091782,-1.698190362712066,0.8393353571263809,-0.0586769421689804,0.5728194197775505,0.4738425849919034,-3.354629925563077,1.1874803991047302,-0.54159882556163,2.144538402557373
0.7702627334873479,-0.9906690200624593,-0.45052301083052737,-0.5611669130189083,-0.722528113658654,0.013545387159384463,-0.9810779949202745,-0.7787072485330299,-1.0588997195159133,-1.0432833516582856,2.144538402557373
0.6866518043448367,-1.108092532676856,0.7358269113085166,-0.3080743874861689,-0.3960358593860809,-1.4558840027715283,-1.1710475781260943,0.46074253791107517,0.9559412453896812,0.7184283367999562,2.144538402557373
-0.01784336769925414,-1.3720569935307854,0.37284601226347136,-0.07841555708550463,-0.5088782745453165,-0.7088420034186387,-1.7178455878998589,0.7495444688280637,0.5116426477777909,1.0623152853862008,2.144538402557373
-0.5761291836655816,-1.05810547457318,0.35493745094335466,-0.5994686035086254,-0.19302854658499394,-0.02450508684104877,-0.8614017975887096,-0.5536162295834097,-0.004798577992335458,1.06614863046776,2.144538402557373
0.4797017208246008,-0.2908500952810039,0.423252101413689,-0.5497936773057631,-0.728785468598966,-0.6996249021480931,-0.5285682892522433,0.08517258939038358,-0.8000139519385261,0.8106253866509651,2.144538402557373
1.545920884596334,-1.0376969864708845,0.6130498136944553,-0.09765264058584694,-0.0876063273947409,-1.7593537454194552,-0.8457600319017207,0.20674440018504212,1.0916100379448324,-0.4587086786842873,2.144538402557373
1.5832759882859573,-1.0960605280330604,-1.002036592807184,-0.027514040797507886,-0.841992832400701,-0.14017023508204465,-1.2994978448527341,-0.0918407099043343,-1.050632232164463,-1.1013321411186368,2.144538402557373
0.20253257799709337,-1.434923644819987,0.40587423947293066,-0.89982723529212,-0.16714143369699627,-0.6021528988897329,-0.43538252207019457,-1.0078046474484035,0.3613133957835729,-0.48923967711502747,2.144538402557373
1.1260524499337603,-0.41260057194786165,-0.43065570871511827,-0.5298562121561423,-1.1165360725968105,-0.38295406807551335,-1.4509724172021061,-0.3657918212045362,-1.1381971605134455,-0.38767133596468556,2.144538402557373
1.5969811109932697,-0.5873586909832598,1.126449070103769,0.021603078231960074,-0.07820020371083858,-2.267350521772986,-0.17623283529655914,0.1303273447716464,0.967601699969172,0.0645232967134714,2.144538402557373
0.7390888117993125,-1.1217634177505023,0.7262896334744842,-1.1180763165731162,0.0830366569580497,-0.27448661903728816,-0.237502387549668,-0.7448868343072533,-0.17761833141608924,-0.3789212019816025,2.144538402557373
-0.12275453793329384,-0.7315707665092492,0.3246512532182463,-0.48423111333018415,-0.052536936950889165,-0.5106153243127267,-0.7682462876628409,0.10748077187801089,2.1947788139235227,1.1033562936341794,2.144538402557373
-0.8032765283341533,2.082488304580536,0.5381089382600432,-0.6026441293027947,-0.43404504207309874,-0.21015746992617496,-0.3986560143604935,-0.8297941753760321,-0.04602594435340887,-1.0821540907907934,2.144538402557373
-0.7695693716525771,-0.2864884836890859,0.4951240720671022,-0.6895809252930941,-0.1561067478293851,-0.19311087147474984,-0.2068352144760218,-0.2771990537132585,1.2784405545195385,1.29044333598488,2.144538402557373
-0.12596223213799593,2.075683632335211,0.5528452738418755,-0.29449531505672766,-0.4807195350333102,0.546352268055716,-0.8698301014064621,0.7718967956740227,-0.808480708625017,-0.0979387422937948,2.144538402557373
-0.3292495073119093,-0.24855696879809766,-1.2101101225657074,-0.39548622850138,-0.8942152810407111,0.07127093131588819,-0.39510909367052294,0.18125763872009534,-0.9418606571683421,1.176036246456082,2.144538402557373
-0.8951769853017573,-1.6212495841090486,-0.32242595283062997,0.5321102018005018,0.2862453837838661,-1.3857325045067856,-0.4115027974100125,1.5122929686333704,-0.31680267587415123,0.11402812437859541,2.144538402557373
-0.6933135636840243,1.4702303309145783,-0.11456629021515918,-0.03942050754302728,-0.3094360771020576,-0.5783379562756795,-0.4154533708614815,1.1319559338166576,-0.12396007202871112,-1.7843540665067827,2.144538402557373
-0.06467578183320297,1.076879687479312,-0.18139228195289633,0.2201687724703491,0.04427371687976121,-0.6307438815319708,0.010349387883676635,1.1774524425749628,0.15242849677657105,-2.1303810140207875,2.144538402557373
-0.9504940272700805,0.4301038780343749,0.09187445305502091,0.22015060872903344,-1.0178215511486417,-0.09224460457379842,0.06151578494535131,1.1356887095851107,-0.4075521845080463,-1.723555099624916,2.144538402557373
-1.5268973264299617,0.22999672437929897,0.11765880862722583,-0.5539989122727433,-0.16206598314082124,-0.8930808547686836,-0.16157557108930976,-0.6107472576165894,-0.29668975158822114,-1.2116919556384325,2.144538402557373
-1.1031654219001188,-1.1320222879536435,0.2833819712576689,0.615216039715311,0.08023420825317772,1.5741041940994642,0.19311606034866574,2.433817724635257,-0.16654154280184855,-0.8569071054806908,2.144538402557373
-0.13264506794506623,0.5163597992163764,0.5162749895984605,-0.1368550079550921,-0.7684961785883088,0.6605063401645854,-0.15753778060575102,0.024056481848406294,-0.45409398705805726,1.1515824342146115,2.144538402557373
-1.2037786601339338,1.1298635100361776,0.2118636886534983,0.1613135997266884,-1.079011809528978,0.6141028283133473,0.1979968583609526,0.6157861363537551,-0.2818507944552765,-1.1041716343101577,2.144538402557373
1.2396043532109893,-0.9272787144109651,-0.24157257997195944,-0.09888964855600091,0.45250666645727977,1.497434517156537,-0.19088746801111134,-2.1910092934429826,-0.09776722245488688,-1.948813770082509,2.144538402557373
-0.8049292738107594,-0.5888364968517721,-0.17779559307244583,0.04021271547635042,0.45512781495445487,-0.45535496020424254,0.24114637721208712,1.8569064846996508,-0.5263552624019993,-1.5046188269528937,2.144538402557373
-0.7033153494880502,-0.6930333438748529,0.20607322511570714,0.08493318147581491,-0.20769478148565174,-0.2417963705341223,-0.1248803177610991,2.45851069377434,-0.4204594871387239,-1.080011942248816,2.144538402557373
-1.02541591182628,1.6974327177520843,0.36855384250538875,0.06049405213519643,-0.01525878847324614,-0.09318316096596445,0.10103509939659612,0.38545686455102707,-0.4208211733948185,-1.5975487842030138,2.144538402557373
-0.9663190380301928,-0.5790785471642037,0.3683166131757228,0.0032450596157772944,-0.0039272467459972185,0.4719832230653298,-0.31899772536856585,2.5920897977214645,-0.8906012461395009,-1.1052656067041151,2.144538402557373
-1.0231121594832557,-0.9350863716398093,0.19537823598040419,-0.07956802582422427,0.13649177557599804,0.2641494104852246,0.1930588487442172,2.3790747063810125,-0.8225101210353365,-0.992825528896179,2.144538402557373
0.476558545727145,1.6610331674631806,0.1132804088461527,-0.34463028532678697,-0.7455729459452791,0.6479189864914531,-0.5656578519588851,0.39364894836769926,-1.4980467955932337,2.2022659085512974,2.144538402557373
-0.922317827922664,-1.1778161374879068,-0.361534496257093,0.5358062807743397,0.6801110732939409,-0.048166438961763515,-0.43057473052940604,2.1667328135151562,-0.2375896681869363,0.19042068209925586,2.144538402557373
-1.430083575064083,1.275872319575234,0.14140166326388648,-0.7258718382340513,-0.3457923024186179,-0.37749322578701033,-0.542454335283539,-0.35708331903141105,-0.27444654763670684,-1.3647099718348288,2.144538402557373
-0.7263869010137798,-0.9322576225813904,0.011067541685174476,0.3710599606145745,-0.26375077856467394,-0.5863495147593362,0.621518525023334,2.5992323471570593,-1.1367792085587942,-1.340021616745141,2.144538402557373
-0.14473757065147855,-1.5233232914650274,0.40042889433637535,-0.31202039634183404,-0.46045333498912905,-0.42005603218448306,-0.8819063260604848,0.1709617121282185,0.852552364553875,0.6158944245158355,2.144538402557373
1.512621813367783,-0.8451790735278117,0.06287291481613642,-0.23750380722409323,-0.7629683398742585,-1.7397832456079823,-0.4533684839870428,-0.2567193416337416,0.1244910481797226,-0.9713196628466692,2.144538402557373
-0.41992844720948186,-0.5480323168077696,0.748293977199893,-0.4977661353405341,-0.1781996116860742,0.37300907722587595,-1.42838745643366,0.1962002827029158,0.21935372989608848,1.8952733611247352,2.144538402557373
-0.31616221031736863,-1.5106641147202455,0.906156893708447,-0.37148995777835514,-0.7177391075560831,0.01877555778095933,-1.7408054682048462,-0.5731666566554984,-1.398283411092221,0.3629677293621476,2.144538402557373
0.4172681705592087,0.5266462960223628,0.6808265448232178,-0.3261602942971832,0.19447043803023517,1.6686716785016888,2.2175393230300435,-0.1724403601486608,0.5811123006681922,0.47505079298559405,2.144538402557373
1.25668277670443,-0.8123117035765688,0.4397809876119542,-0.008508865642635324,-0.44892984739021685,1.2287893345894196,1.2124777364457857,0.26462488362061753,-0.6751842508452897,-0.524866673969566,2.144538402557373
1.248827883734669,-0.8659290019758175,0.5895020340417312,0.38738339203363936,0.02338681664339662,2.6512709723391716,0.6807069646876492,0.32925656157574484,-0.3961561541324944,-0.2892386988342661,2.144538402557373
1.0280625594191064,0.40061037451662757,0.7713552020445532,-0.25377007217812503,-0.0008837787795687364,1.4370851697192353,0.8187916416880272,-0.7466893320863526,0.24620805707353133,-0.8169932697139155,2.144538402557373
1.2849004107998303,0.3488686412290951,0.23565093349001237,-0.34347008880901925,-0.49557376265235537,0.7713880871193329,-0.4824204554861331,-0.4163291501462355,1.5393367140070642,-0.6676475062148947,2.144538402557373
2.2288262353149704,1.4409909668321499,0.902473189235432,0.26491020743572574,-0.2763974945626493,2.195620705553332,0.014593970060659775,0.0010579273106120259,-0.4526989464012637,-0.4815463873829408,2.144538402557373
-0.8000310125195214,0.3839379207747394,0.535939101070309,-0.72782911722847,-0.13087317480480437,0.7366146307942586,2.519200134852878,-0.7103902982730531,-0.6241498665752585,1.1111834020318285,2.144538402557373
0.737533318262637,-1.0047349251524555,0.3449015156223089,0.06402161450393005,-0.7351780656240577,1.0808136555904497,0.6123500213993424,0.6302357023442761,-0.043063777143893936,-0.5546706747816544,2.144538402557373
1.2583798659323615,-0.5182399703829165,0.3055082006027305,-0.28341085698290125,-0.5781939921290314,0.9369932815931327,0.9478343798194778,-0.17430918854089894,-0.6137109202428537,-0.6873567475332623,2.144538402557373
-0.95880973838385,-0.06646375303603652,0.2770873548665029,-0.06434221794480727,-0.3074478472049343,0.47238675893475246,-0.38326526836458163,1.490294550726745,0.34267666004874536,-0.4950335961336079,2.144538402557373
-0.37527998821229697,0.5255334520969428,0.8249449621061212,-0.18350010245030576,-0.280534820601041,1.4794632443979714,1.8091932401838848,-0.41894450401375866,-1.0327495643776679,1.7154531786839182,2.144538402557373
-0.6691795181421791,-0.14151729613639172,-2.7711206816518485,0.12381160015743418,-0.5311799182012883,-0.26130286291832744,-0.08767085896555364,-1.3205038318783153,-0.04058591557969047,-0.11247622676061118,2.144538402557373
-1.7426035789696124,-0.05666520887907137,0.45461009529771274,-0.029185568358467775,-0.41690505876373235,-0.14404030421828246,0.1117473708385671,0.7764726615982935,0.6436546139210021,-0.8554195433688875,2.144538402557373
-1.4790115378922926,1.1792248544375303,0.5591593079040748,-0.2566467083102551,-0.45190268662199734,0.4190624996643305,-0.44218435291169095,-0.03698912861138233,0.14991609481050897,-1.3400862031014844,2.144538402557373
0.4311239757969941,2.0526618134293035,-0.2487735091377469,0.20374328017654172,-0.16954748996881286,-0.036684802448453104,-0.5588593061676131,1.5314676444987128,-0.24718097866639857,-1.7516978173279243,2.144538402557373
0.5924718433059692,0.31833153871598163,-1.0601024736743774,3.896632961905413,0.153066455817779,0.13721474052951801,0.3083685537116082,0.9765441463855237,0.4785714153504254,0.3864195450716422,2.144538402557373
-0.7362080133066066,0.3135028001845574,5.701667299184937,9.966424112440425,-0.421789365559625,-1.9708006728206382,-1.162774871417641,-5.576322628449708,-0.7614750526850265,-0.715275341084492,2.144538402557373
0.3961930472577948,-0.37492240383554815,-0.7889236981568374,4.472424496974362,-0.1381718939863952,-0.3401870352665762,0.428550743561828,0.6813340018996012,-0.36339861884949753,0.10758182804291903,2.144538402557373
0.22353982393419086,-0.9382061551584905,0.028604441522251476,-0.20464782824487474,-0.359998046401709,-0.5429466367780637,-1.1263208915782996,0.3017016231031733,1.3311957871128044,0.12283843798678458,2.144538402557373
1.6222006595956353,0.8470708596761162,1.090841709032766,0.9052172324113941,-0.29229562454864505,-2.4299721047178595,1.2951608389181455,-0.4092080136592281,0.802888860651518,-0.27770856079646195,2.144538402557373
2.162518968510191,-0.7256620717431742,-0.17306792951272268,0.19672937682640637,-0.5244028318035193,0.1761624036959354,0.40571591456549894,0.7338522636195476,-0.3350115159389011,-1.0542104203589224,2.144538402557373
0.717916649723582,0.6122723615603831,0.49829438814271504,-0.4109928673472202,-0.25379228937554066,0.883739896274652,0.21700892450030396,-0.6854096263713235,3.0315195945778077,-0.24349747677651012,2.144538402557373
0.6162189214993123,0.1930167143288709,0.0005375843784129718,-0.15710032887202952,-0.05048609579867562,-0.14824655642818196,3.0154462235579143,0.8884536011290469,0.5050070933844704,0.574926918535588,2.144538402557373
-0.37357689111848624,-0.034451977112911376,-0.5644063993772249,-0.16457638261576965,-0.7017572875292929,-0.9335346571501096,0.43258312996646814,0.06203886742949392,-1.4536498864366567,1.4164162842897101,2.144538402557373
2.044648095543723,1.0574162843841344,0.6914359991778849,0.35671423933892266,-0.5238339568818541,-1.7423478139208317,-0.14461172823614057,0.49466023609312676,0.3838508454874275,-0.10348745245911323,2.144538402557373
2.072024310789213,0.5080126200097927,0.1331142005068407,0.5802435537788327,-0.8547457047642298,-0.08662250691268276,1.295212603988161,0.7256873237703791,0.6608804120845679,-1.1960519086635835,2.144538402557373
2.180213598510467,0.6954251030313512,0.384978645624849,-0.15600836786865613,0.5700497587939003,1.2906261387302747,0.07575823676293007,0.1762983445607497,0.03302323133280888,-0.1525425305587251,2.144538402557373
2.938036441122827,0.10214049740367138,0.08122973076576344,-0.15365227940471643,-0.015805512440483692,-0.30759045994214435,-0.007966086311481562,0.6295672490873541,0.05231976118139549,-1.1990884572414735,2.144538402557373
0.5450061661782385,-0.654042942527563,0.5196075900651443,-0.295290383180142,0.2131694473897842,-0.8348567930930866,1.6935016557630225,0.45268633581042367,0.8289420660583507,0.015538580296186613,2.144538402557373
-0.9001994616377368,0.3124426868246679,0.2880712808761106,-0.7296122154766015,-0.08668329396103967,-0.8770107817638866,1.1273086571706583,-0.6063354873551237,0.8007426022364118,1.1555294637205449,2.144538402557373
0.19252545156848092,-0.36117866117092934,0.5116157632427342,-0.6334649265070567,-0.20676379778195625,-0.9311487284396295,1.203773055900742,0.18137200837802517,1.8072091467268452,0.5547397911922154,2.144538402557373
0.9694481223710218,-0.5580232336484319,0.6069281605625547,-0.6085171134150155,-0.03212022589647534,0.37613865051797296,0.22790170589676328,0.11549109460189294,0.6604181729004251,-0.0684101151143205,2.144538402557373
0.7975699436003535,1.0442365675574872,0.525556694043241,-0.3564599637159764,-0.11886266703514738,0.3411358952468804,0.6143133495127886,0.27954633775064414,-0.7459122619421926,1.2632570363984583,2.144538402557373
0.5658772207435099,-1.237159409946228,0.6701484293554921,-0.7517231134536781,0.26626482580825406,0.30919441930218533,1.0269425645869295,-0.5809446213889731,-0.19052877122708392,-0.5134399607341398,2.144538402557373
1.1391548264840816,1.6680980554692402,0.3976104625815568,0.07221926467389395,-0.1448237596154266,1.6316993642549011,-0.14444591927396613,0.46212520551516034,-0.5011922663136438,0.7814977572328179,2.144538402557373
1.0964405524963965,-0.09071436422832399,0.3942318395333004,-0.14564789290929595,-0.49332172434804283,1.1036048091080872,-1.0390211348664495,0.2530523642334004,0.08408576634629904,0.018102616315001326,2.144538402557373
1.0366118988199413,-0.9600403160288395,0.016533688845215777,-0.5417449627713803,-0.45991858267960856,0.07548159408326598,0.22005169699973173,-0.5992791743410691,-0.12706146352143288,-0.5770579517621973,2.144538402557373
1.0056551587936406,0.17373157566650108,1.628848452775088,0.92468148563948,-0.43377324730958655,-2.7581811056850007,0.8302447522746385,0.04551925510691135,-1.0222528298157894,0.6610808926281381,2.144538402557373
0.8273528038977239,0.5237809304088651,-0.6859536950545647,-0.055613895402812696,-1.0146011526845287,0.07922026856056445,0.0050520183072477725,0.19659109308225073,-1.4240373218917146,0.5242490417378716,2.144538402557373
-1.567865179536982,0.35405636931654505,0.19896936170700708,-0.8929731191943334,-0.3786487440809854,-0.9372981809509339,0.8413806317448833,-1.182612368050206,-0.6437353195967292,1.9462331713588072,2.144538402557373
1.3882725997085712,-1.7437672648666716,0.21311181189503636,-0.46746083757276696,-0.5724952131806647,0.12256901321023368,-0.6597395648332243,-0.5974242068429413,-0.5468373991095689,-1.5015312107038679,2.144538402557373
1.3281058323641484,-1.522956215791463,0.20723721850323848,-0.4150035811617227,-0.5328251424001252,-0.8978078226891327,-0.4310194254713194,0.2013083118737882,-0.31433691025303945,-0.698768796240363,2.144538402557373
-0.2010669652104317,-0.13118512186597628,-1.8297268304536258,0.2227183658517224,-0.6929565733426167,0.004463481238506392,-1.4137925234995172,-1.3707583487661124,-0.646068033236836,-0.04420618348388365,2.144538402557373
-0.5484737621513086,-2.2970249999292696,-2.3099749887857097,0.8555345843521069,0.9539465835474354,-0.5718264169048519,0.8121678769507811,-0.470408162239683,-0.12189592559769248,-0.6794251560125738,2.144538402557373
0.19310647788340218,-0.9192698551672889,0.6320783727674841,0.1617528663417574,-0.7895601531699493,0.1784571141145776,-1.4103033036134318,1.063418994068362,-0.7028119394626119,1.3012901042546543,2.144538402557373
1.8114234585106792,1.2638294708324376,-0.34044336460980856,0.04240362222274795,-0.6064641853778644,0.20304271594732956,0.7318027841494202,-0.8479683022975236,-0.18379690675057003,-1.792769044801797,2.144538402557373
0.41202144863374635,0.9611032473688795,0.5620267946648073,-0.3020993533182057,-0.4851374292303246,0.30136507337861895,-0.5857545447960736,-0.242158424676266,-1.006472886212651,1.383793720983263,2.144538402557373
-0.2672403000791624,0.1922334950367743,0.33275066066738235,-0.0028463697113784462,0.004913487000457351,1.0106935612559127,3.4029047970935706,0.29934052130873606,-0.9582581609232609,1.1612736908978392,2.144538402557373
0.39773791735993075,-0.0647131635233366,0.07072893805500301,-0.26769013785394463,-0.13644933487541772,-0.33999728040381044,-0.4871463183515059,0.22631166046293796,4.450609617757827,0.6618867678868781,2.144538402557373
1.4008476338844984,0.6222880534261092,0.6398347122393298,-0.24483083884175488,-0.20642152306623768,0.9791477559199298,-0.5710848416925975,-0.307228238471232,0.9755472184377263,-0.2364918772310636,2.144538402557373
0.3198148494068894,-2.14982059204706,0.22689728677181256,-0.27131730276878546,-0.7100958481476616,0.5938249555851716,1.5121153775453078,-0.4331101547883293,0.12833384661255937,-1.4765259145394434,2.144538402557373
0.4132409862737194,0.0336032719817349,0.5342121438452536,-0.25849300040206535,-0.294476125299512,-1.6415074068347735,1.3876185183105083,0.6306676940313173,-0.6714998683153517,1.2746888046957252,2.144538402557373
-0.44485795989584836,-0.5007616968922087,-0.032721125049737856,-0.43712152029252216,0.05827383975187364,-0.8149842593353742,3.252344753439543,-0.14675936856081928,-0.9834000568136545,0.5049371996488609,2.144538402557373
-0.3436440147405934,1.2515747208685588,0.5406810956261241,-0.6931063051218096,-0.5196455973709407,0.406343631758868,0.3671836521473111,-0.6347896135311242,2.15014037936775,1.308280180341773,2.144538402557373
-0.5644732324329497,0.20487423941591915,-3.366901506278931,0.4838494385194205,-0.35206664636828894,0.19466779707598048,-0.12110138180880727,-1.027883368806254,-0.27886555333139357,0.41813991184448274,2.144538402557373
1.2775464640867307,-0.13789573636137312,0.0467194075185862,-0.25103391536401987,-0.08672818906553521,-0.2795774879841611,-0.14244454646538,0.4481574584213893,1.8057052513263434,0.043732762999883,2.144538402557373
2.4026506942065504,-1.0315237364150522,-0.14012634274290425,-0.21065947003942598,-0.5439197527200105,-0.06796210333192297,-0.8950258600181247,0.24120361790801323,-0.9329713900910043,-1.6114163056239121,2.144538402557373
-0.42837042117356006,-0.3830705088650918,0.6449681419272282,-0.15355902129854296,-0.2413146671302722,0.8485132680665793,-0.0333623130398957,0.022184112358371384,-0.9116735390858224,1.837725612243922,2.144538402557373
1.2441705702383357,-0.7095503058693958,0.31001570425280706,-0.0721054264754906,-0.3285203182044763,-1.0765388954415027,-0.11156875412169905,0.40963749996827775,0.8892302289280185,-0.41166960315519185,2.144538402557373
1.4452961940995017,-0.8062863896609558,-1.1798819209684483,0.117260276669977,-0.6452814853000157,-0.11436671165689846,-1.3151988341201146,0.07362669383286793,-0.8091481681136422,-0.6464074501265614,2.144538402557373
0.13738747530695414,-0.07501849214750447,-0.6137816833770261,2.7991750514315754,-0.3964201760395708,2.347299005225104,-0.46650774553583263,0.7536371949768162,0.12480562159694458,0.588917535740233,2.144538402557373
0.6404369874412886,0.4258281185973762,-0.9582384533056505,3.946759127162955,-0.4536837086884302,0.5836576470791475,-0.07214120559566227,1.0536756332940136,0.15815873179215093,0.5363565528334784,2.144538402557373
-0.3805522955237957,-0.1648530874466359,-0.6567300083058178,-0.9534559941587104,0.03416228253477831,0.531734093880262,0.24551671615400808,-3.2975088347122763,-0.6872270384737947,-0.7317440635796723,2.144538402557373
-0.9834720642584656,-0.6906550477377443,0.5581189794112742,0.36132577796652077,-0.01658753964585946,1.3648402579139525,-0.40729550317602575,2.480109877271693,-0.5141808951768331,-0.49440062571475224,2.144538402557373
-0.02114932965463316,-1.2238423872048012,0.587595676578011,-0.2512447174515165,-0.3116995044128127,0.6474229608768914,-1.4665110756372486,-1.1090223481508719,-0.8877068947388204,-0.04634955585232818,2.144538402557373
0.04568062873966286,-0.6428799652071477,-0.8015481289344706,-0.6258832619418552,1.389720084049372,-0.5616629331838644,-0.16906289302530528,-0.40306895158100386,-0.9926730201371989,-0.028521909997374396,2.144538402557373
1.9695469528126828,1.0691655227152674,0.05496216041032071,0.048514579451804644,-0.3990824275395202,1.1035861776169307,0.7059059934691344,1.0487737656065423,-0.5533095252254785,0.18574277772458186,2.144538402557373
1.0089795500542609,-1.0709446597621415,0.47563719316439645,1.54041208988432,2.8715565625675588,-3.4943328143932226,0.18076086186145582,1.1746210341910077,-1.6978981643655062,-0.011763185177558486,2.144538402557373
-0.10383644791111044,-0.38715310740563474,0.43974967777534263,0.0675452430666162,2.663227207909573,0.8359260239350077,-0.05865530372542383,1.5805525594429197,-0.10777307039104728,0.3537015388909365,2.144538402557373
0.19010850124351528,-0.26123822212182657,-1.14876847186599,2.8564055043118595,0.4934970704418756,1.7320040980278675,0.3620979662463608,0.6435083760568138,0.3009019235176953,0.6237509860225656,2.144538402557373
-0.03664530002138784,0.5745312555317404,0.6987002905744804,-0.5162398231876144,-0.33975483781670235,-0.04996012203624774,-0.8750641520935184,0.33875660009807196,0.17121766877559896,2.48081589973574,2.144538402557373
1.3647635081808052,1.295284781801537,-0.3521298821962902,-0.1283334174867824,2.5920686593093003,-0.34595318207919173,-1.2118752898938734,0.4837672928062562,-0.6089713022990821,0.0758490986858046,2.144538402557373
0.9830848419357786,-1.012191643362311,-0.8027873373565283,-0.2953980078255794,0.1687576914838552,1.0008513046250673,0.5422575617199002,-2.5112577433794754,-0.48048589478100434,-2.1609177647462703,2.144538402557373
-0.771973861784516,1.4095070826962262,-0.4459354054561107,-0.30659475658695395,2.0295583038687166,0.39160205362804484,-0.2714613134188168,-1.485687203521191,0.19307841756628982,-0.4811308212159641,2.144538402557373
-1.5251027630059322,-0.23107498732632867,0.49054431153719286,-0.4477379809664294,0.3677361221517765,-0.06422765100284052,0.23063028677398073,0.41733059926934823,-0.3631218084700999,-1.0072836728208865,2.144538402557373
-0.912725730037526,1.2000196964345728,0.016586379443184952,-0.2912479687401863,-1.0021033855110335,-0.746678325159736,-1.0595427422530246,0.4075546935336906,-0.180197207668184,-1.1332447465623479,2.144538402557373
0.25802657544395347,0.5684064850713586,-2.098641870582361,-0.12000022400060933,0.7161919743739795,-1.0473069674873512,-1.3792485188420094,-0.3998022586691126,0.23148583466844844,1.2837322118951868,2.144538402557373
0.25239320603460824,1.4339333472723246,0.2316004232672086,-0.6596487286574608,3.7225076368099703,-0.009554688310221516,-0.4604231699797189,-0.45755973185472415,0.23831353250710402,-0.0017401418303623123,2.144538402557373
-1.1025768202713249,0.7107224319157687,0.48631389284546456,-0.26171838884065396,-0.5459528114105997,0.3199175729345263,-0.3127937581949326,0.17920421321454752,0.22449050512370936,-1.2039472362937504,2.144538402557373
0.3007600491545042,0.596057729338136,0.306256133181117,-0.4535537640185717,2.6786565502064534,-0.9249189699994222,-0.29860564199906486,0.3086900299353285,-0.660636624403579,-0.12059741744276484,2.144538402557373
-1.7472868018750873,0.4523376590122951,0.565870358948904,-0.460665053754105,0.17361277413429477,0.2729059911270336,0.3226667439696858,-0.2404165230475089,-0.2683902472852709,-1.1694213519338095,2.144538402557373
0.9769048104462492,-0.5637236928322878,0.7692225850832474,-0.21008354953441288,-0.25047224995336215,1.567849998920916,0.9079840369787242,-0.10001206187267267,0.3449360626077307,-0.29511195718744665,2.144538402557373
-1.6599473643372467,-0.6155282200832466,0.6623236254983283,0.21553205611603563,0.09875941008758189,1.1788889717145437,0.020449435878058714,1.8275950596736206,-0.6344706961607146,-0.8737410111525162,2.144538402557373
1.7230658644847179,0.014735496947449004,1.307132178828104,-0.302580944362548,0.0004239726256065618,2.355585135397593,0.6234707350704782,-0.569022073246885,-0.6721749351620419,-0.5428158895095216,2.144538402557373
0.8504355574036452,-1.409214180306056,0.32731664279666034,-0.6953718695886756,-0.01441219597774804,-0.7078676450962271,-0.3513422387316036,-1.3341091552886493,-0.9168104808767751,-1.474682457508649,2.144538402557373
-1.4988451519723156,1.3620278037785714,-0.0868449877656046,-0.11748602453693503,-0.6469211409363267,-0.13782469828041388,-0.29738970627018013,-0.4675367596383338,0.7392988860118128,-1.3207422737361079,2.144538402557373
-2.155192657331615,1.6933561020362409,0.8023412715657006,-0.2250200875550854,-0.02285160709062041,0.913378642943778,-0.6687961168149763,-0.7487225448799494,0.25594145196222384,-0.5828897197057956,2.144538402557373
0.3697738693335096,0.5582644918156955,0.05218258675723324,-0.46524765245076266,2.627515710161601,-1.425665970446011,-0.4100556094767731,-0.18544610918597623,0.38489280386413127,-0.46750866285092196,2.144538402557373
0.29069253698262354,-0.06432685472148907,-0.2677923535803157,-0.3530602871762674,0.6988442117488802,-2.0364952827073153,0.32432518073492056,0.010304674803089458,-0.4518464884434133,0.9740975360565463,2.144538402557373
0.3269710742814234,-1.2140557825814988,-0.25097159388716705,0.16894484708888774,2.7246219382458556,-0.913948918123368,-0.29890115612008716,1.8531962251726741,-0.7867899468693594,0.6021332608626322,2.144538402557373
1.6920203952454855,1.973998331032079,-1.1762685148788454,0.6533573642701674,1.269587650214538,-2.54957968703633,-0.5090705778096066,-0.036387578200201255,1.3230134670328537,-1.407912193567645,2.144538402557373
-0.3406437475692237,-1.322543831976136,0.11672295718160168,-0.40433692763734164,3.895783908047284,0.19482362398082195,0.008934449387655294,0.2442174400591166,-0.7625307546295705,0.7183670207320426,2.144538402557373
1.19351406716157,1.3175613946022513,-3.4036945112370014,0.29482121125476607,-0.19293089161939173,-1.9183652988478723,-0.37348664447240254,0.6476547331144641,-0.3630496551628472,1.022741879068186,2.144538402557373
-0.901698401603402,-0.8268695374304035,0.13545808684147118,-0.5833245574977292,1.2101145257687427,-0.9831074053017012,-0.22686260498933186,0.04403768443869507,-0.7030192811310576,0.556827965627031,2.144538402557373
0.29219026260643954,0.9160488400717937,0.38549571969915297,-0.5891262412374683,2.4040117301789916,-0.41005958615957516,-0.38784998798952897,-0.1083190944274858,0.1627633940738828,0.3071587878195669,2.144538402557373
0.48625493335639164,1.6617007554438523,-1.4174858940362567,-0.4795697820748134,0.41032402660230083,-2.092350826651513,0.3833040655591757,-0.46402208561342373,-1.2481940867029622,1.2859007838269814,2.144538402557373
0.3448322028111476,1.0253208564926461,-4.982659073061536,0.04682445572180096,-0.061899107899562454,-1.4718064236263149,0.7845016073890527,-0.17558715675737688,-0.09529140398267319,0.13773223744850605,2.144538402557373
-1.344454459461466,1.1118501856089351,0.3402952740815158,-0.32633988936394615,-0.35008614120751735,-0.46500597644935926,-0.10623141000443082,0.6422091742738917,-0.6654605139361625,-1.6123066012469944,2.144538402557373
-0.8628811960211797,1.6006142869319204,-0.07855851886519195,-0.11281364607380105,-0.5761527908983631,-1.6807667372986173,0.06571259512331418,0.8647745243593433,-0.7886079914371273,-2.000214822380339,2.144538402557373
-0.2673955990454587,-1.068502641519645,-0.11944724972680901,0.2711414755404192,-0.3300488312377661,-0.4650103731275618,-1.3854183021553919,1.4115857714473168,0.47210100876993766,0.7653855826068678,2.144538402557373
-0.5465337012842117,0.24367417930597654,0.05981295560947205,-0.4455262983642318,0.04346489858470858,-0.7313934459316818,-0.29898213513906985,0.41453424453229193,-0.058686771250201136,-1.3695024583778432,2.144538402557373
-0.8009330780908551,-1.2545158895115434,0.145806495076192,0.20978362385624338,5.641282765478117,1.1324933282119276,0.9080768260871407,0.14603551272766022,0.0766654446533908,0.7503972558984843,2.144538402557373
-0.6744535433575093,-1.2870823476473858,0.22753498102140704,0.0012419535447489014,5.374998191800625,0.7341085930214818,0.7199378253448009,0.2866392662105313,-0.1742290466581234,0.7644570655788363,2.144538402557373
-0.27766485824694553,0.7711391733538654,0.12854701512655287,0.8278973531029765,-0.06229956346423228,0.9492710533769115,-0.3441746262507542,0.3711733629958843,4.593415128546879,0.5952573046967883,2.144538402557373
1.4825489315787943,-0.5613323756150361,0.2572660408620759,-0.318603569294743,-0.45288682035307465,-0.0004395376503592539,0.05553928615341252,-0.09866111715872967,0.2736059689927416,-1.0704255596005525,2.144538402557373
0.20602036459508832,1.4901431229183046,0.12495574505958425,-0.11701551150211287,-0.9719651557268562,-0.8143886483960068,0.10304778184037856,0.6137900822011946,-1.3007372987761865,2.09442107834461,2.144538402557373
1.484502112338411,1.5981308426112655,-0.052650658926136,-0.48356932274422776,0.42583763737149455,0.13177868722789546,-0.45660983051099696,0.21365591251675264,-0.8612617599526183,0.2384287265413909,2.144538402557373
-0.3637180948441594,0.3055426648811543,0.24048957137843952,-0.2875028218417269,3.3084399736203496,0.3656744360589634,0.10970870841815458,-0.751954080992571,0.04659527248241685,-0.44721762727534914,2.144538402557373
0.7074873503545374,1.7438536416567563,0.3011542554031944,-0.5835779752170815,2.070933612835137,-0.4469845957897259,-0.8313732892703367,0.34003861615160214,-0.9266741296425298,-0.003488743264501575,2.144538402557373
-0.3388383558195954,0.9541367407410885,-0.31768586696530265,-0.34701640440969633,-0.09202026344718259,-0.6612422791133222,0.2641452722083355,-0.28965889246503057,-0.42063760421960267,1.0376174898264732,2.144538402557373
0.9665123315791664,1.2666553151970772,0.2182463024594524,-0.11801000947418469,-0.6250085036309013,-0.026889209341282434,-1.464631045825067,0.442776786580373,-1.0174794243509542,1.1328081351778427,2.144538402557373
2.533889915111935,1.5974580180560936,0.045966132377948575,-0.048394866513350246,-0.30998714598189586,1.8848783614555469,0.2264010593135844,0.3864899211165693,-0.2858013008160797,-0.7140062324353201,2.144538402557373
-0.15977806897268815,0.28402757291794783,0.2896524623694265,-0.6739133126542828,-0.3841887975958694,-1.2157863271108231,0.3072199472214793,0.1010346746951629,-1.037874851824033,1.6433207823281608,2.144538402557373
0.34484790457497677,-0.7868537363194625,1.1633805878150811,-0.10855769579412865,-0.25748038864809536,-2.141466956812874,0.3838516305979303,-0.04024856161678659,1.3446762190354296,0.4872205126031668,2.144538402557373
-0.5118597109999724,-0.10360161172608448,0.2900880582147964,-0.009482146881854699,-0.5976961678311667,-1.0034340052195934,-0.07233377337100495,1.6497077067501666,-0.6087130542976852,-1.2143130858871305,2.144538402557373
0.8754517919041844,0.6127473846622897,0.4357546070074261,0.007701585897683492,-0.21940694039887162,0.852119257507297,-0.6020370850094452,0.24104296785852336,0.25471977906581694,0.2669076558465324,2.144538402557373
-1.6695964372838519,-0.8064032218662668,-0.7019085828714458,-0.19822941759653467,-0.3696759358517575,0.0757611218861733,-0.008469637588007124,-1.9297479592966156,-0.9246214220679382,0.8103072348067464,2.144538402557373
-1.610032160881659,0.25692031874880755,0.15462302542460946,-0.1723726576539028,0.46699358446443134,-0.05743762095365361,-0.28105165848077357,-0.2882689722479065,-0.28942132841674145,-0.8230464216274433,2.144538402557373
-0.044759404163682966,-1.6784940125647705,0.8626168903980174,-0.0320449461976933,-0.22514263039883747,0.5499144663244434,0.20732247146069824,0.561865683583393,0.05357205171104837,0.34260464073079344,2.144538402557373
0.2278521724874155,-0.17546075121936155,-0.5172431438469328,3.4513803054587386,0.009994737485967515,-0.019994716964915945,0.6168963795823554,0.8430872444001667,-0.03475095725452027,0.7646047202135513,2.144538402557373
-1.1613431545187918,-0.8189977606033381,0.4540952825887049,0.05969697156421879,0.9663172597546359,0.5290890448807717,-0.9048668471600411,0.6598291142759095,0.6349496769190087,0.3889557470524985,2.144538402557373
-0.9264726299155341,-1.0837225650411482,-1.4288076220296841,0.028864601744872913,0.1769448680322141,0.49825655529100726,0.22180951624360973,-0.711569375516903,-0.22381488469458916,-0.3107045520899046,2.144538402557373
-0.2510535188841453,0.9328386719870085,0.0641029219519291,-0.8350337867914062,0.6987278126498764,-0.20850108032706297,-0.15728167563977105,-0.8686993827313407,-1.2774978025409425,1.3425531509702713,2.144538402557373
-1.3064615837664761,-0.8611000798739533,0.18140748071508764,0.3569323115769885,-0.009829526751071262,1.3095214204544428,-0.0025039769238221657,1.8619158836055765,0.36308134384559987,-0.8871685574332072,2.144538402557373
-1.1783756341949942,-0.7246388973759449,0.19971638327272484,0.1088090546507367,0.10545270176353432,0.7746879534885625,-0.0363317592274462,2.1695053891482616,-0.22211270606254777,-0.8680071010286327,2.144538402557373
0.8351887358298721,1.1309610963545254,0.23852931284285914,-0.06960730432067667,-0.5412126442763944,0.49884798653129836,0.3505570081550871,0.45829577428864626,-0.8519541894967985,0.7630130660599109,2.144538402557373
-0.8174237276684633,-0.9221209398541463,-0.9849186290249828,0.12461094500501861,-0.43296214034318864,-0.05339182637859996,-1.4857983148212779,-0.9729796919106594,-0.05536900773899375,0.3168938556030499,2.144538402557373
-1.7484399353994617,0.28879779674520656,0.4601405484356167,-0.2146295564088206,-0.8443379694951707,0.10393305601962674,-0.1661437239080394,-0.1493628723905882,-0.06737525159891236,-1.4035762869482717,2.144538402557373
-1.929922734342159,1.0427986851822724,0.5916200325463885,-0.3918180256516328,-0.7002293512177055,0.03198619773269781,-0.6170008371103872,0.15146239468597666,-0.7866569812251261,-1.1948288370649958,2.144538402557373
-1.1559924963070918,-2.067131017921288,-2.059580737146976,1.033922612886771,1.6742103956158283,-0.5054066964328165,0.9245282986307463,-1.9363388880488412,-0.35210715026010747,-1.0301514314373228,2.144538402557373
0.1905428660446261,-1.0820313917285371,0.7560117371714182,-0.49576910233269156,-0.35332956840038143,0.6326546801760319,2.644679916531044,-0.03292077024305462,-0.24915382910950523,0.002666119463394741,2.144538402557373
-0.05326163726071247,0.18071436750499892,-0.1936943231460256,0.3135434217205138,-0.1380902616685633,-1.7454825069416964,0.8942398977910276,0.5293443104761372,-0.6044626869004514,1.3632492189677234,2.144538402557373
1.0950132349373487,0.5774987973540529,-0.2205172718316682,-0.497826978436309,0.7450876157665914,-0.08078479644217666,0.5502359553919054,-1.1327606509788406,0.42218208464687446,-0.4279422234283205,2.144538402557373
-0.7294187025455613,-0.48785657878898964,1.5565281587314352,1.9205148540871777,-0.45170580620203016,-3.100681909653627,-0.13787815325576538,-1.3754536874045233,-0.0630068641600355,0.8011300235837993,2.144538402557373
1.0167348002039565,-0.9578938066122158,0.3055956665692385,-0.14195694902001996,-0.43591089689091905,-0.9285091576778794,0.6622393666127082,0.24613146751799003,-0.3734594455626907,-0.35505008585408215,2.144538402557373
-0.6532699339016956,-0.30982967028768466,-0.7875688980421314,-0.1816143461838523,-0.5177600466483667,0.30506155941001045,0.08577741968876058,-0.668774931672229,2.5153652760905443,0.10400679967707638,2.144538402557373
-0.4064990650796908,1.0465527818062614,0.12452769884092497,-0.4514136699599586,-1.1092264348319874,-1.0738566460655858,0.3788024473444762,-0.26990055868846907,0.047730784685228254,1.2458098332169272,2.144538402557373
0.014777587875836575,0.2700688488360286,-0.4831591879691725,0.3504954892898284,-0.5597187284429483,0.5250706524248232,4.42041242209931,1.6761889534214658,-1.282509271352257,1.30271101504308,2.144538402557373
-0.6767344259873964,-0.21058172687664617,0.08056246024973263,0.2020858732068006,-0.6415386015834083,-1.1289957229611685,-0.454249154990718,0.6447665822179571,0.05358911473946438,-0.0042228445978291845,2.144538402557373
-1.6797797090395734,-1.5335907955024588,-2.880958311264929,0.4775315601214853,-0.6358182781913012,0.4407057365606973,0.3677272514233151,-1.4656600260408994,-0.11256785741339827,-0.8348829035334364,2.144538402557373
-0.6833219285181001,-0.7857127052241997,0.5133514284188131,-0.023000173679573774,-0.4684110782697959,0.6590853038284251,-1.6910271157783583,0.04613413495592439,-1.3747574256863635,1.786957138034063,2.144538402557373
-0.7707020738173609,0.03470480304486993,0.010536143043769125,-0.479439508039316,0.0870925257148506,0.8707546575052534,2.432073234881802,-0.8700092562537235,0.2854129117323717,0.6543131711949601,2.144538402557373
-1.1728320992948769,-0.4984012290311648,0.11196998976376354,-0.24796675201446255,-0.41831804849509874,0.45487991655993487,-0.6130657723453271,-0.28715357071132286,1.8894174066953182,1.585436570292547,2.144538402557373
1.258085625299258,1.035362380284325,-4.141923705676346,0.4579888749403293,-0.2780805550727197,0.2894073733653048,-0.3517458592962967,0.7503534100017935,0.23019663324568085,0.5880850737175982,2.144538402557373
-0.8581411961833957,-1.1788091505176166,-0.428946297502364,0.49429832893146775,-0.24416088698492344,-0.03562477751171659,-0.6004475726530069,1.405016323893438,2.226265640808924,1.013028805154121,2.144538402557373
-0.9209432874199585,-1.1603590024476143,-0.7412352574103123,0.11844502181117317,-0.7766847570783055,-1.9026089403644928,1.2972511748986701,0.6326808580461845,0.6868493877289759,0.5653398051508417,2.144538402557373
0.997470571589629,1.5557076019016374,0.3163174723975344,0.02764012400297299,-0.5099815138386623,1.6071109321928356,-0.733777081473606,0.0992293726967503,-0.7763978068145022,1.345424515820758,2.144538402557373
-0.4326616418873775,0.34430743072028924,-3.7949442344475375,0.6966630035919705,-1.1180644565577844,0.009200145392141597,-0.8772177872092067,-0.8500600100398206,-0.22847063513352073,0.6581084670540239,2.144538402557373
0.2839427435954688,0.35943425599168516,0.26763388905260815,-0.33623834225045157,-0.3529109884623109,-0.46997835153124323,1.9090115879336647,0.10941801705557111,1.6397813660931428,0.6253572290987719,2.144538402557373
0.8260935403182372,1.0982799104695806,0.7490519398867854,-0.21709201341576398,-0.13961293993175133,1.1629150229611431,0.4596062622864321,-0.42873861783186157,-0.7215271225230386,0.6304537969499476,2.144538402557373
-0.21975497794706764,1.4243584321950924,-0.20977598244075188,-0.27712425035786836,-0.06483654399607436,0.09998145881214686,0.5423734820662874,-0.5659200352068966,1.2139042981476893,1.40203664815958,2.144538402557373
-1.4657989322394214,-1.1263883107696837,0.05765709319398585,-0.5299617481577381,-0.44543312000071084,0.1549387619117947,0.009941970002035037,-0.08817965591341584,1.5696651617941748,1.286813437116624,2.144538402557373
-0.14116140160496482,0.2814759989964442,-4.359034641965048,0.18119971150467565,-0.5906608012789706,0.4398199670347309,-0.8763994245441062,-0.27287558232913545,-0.2641758692293164,0.767877771074918,2.144538402557373
0.3951968437561009,1.2983781773015401,0.6444130180924716,-0.3591309464656783,-0.546573123951431,0.2865659748512916,-0.5430614963114802,-0.26556817265269117,-1.5478854800915574,1.4478956511642735,2.144538402557373
-0.6803986099453547,-0.9172176190954777,-3.0853710250776536,0.4193757292284648,-0.39769209185915677,0.17247487091493782,-0.268246995525057,-0.40718396731784623,0.03523256841478721,0.3166605757260271,2.144538402557373
-0.037092303748386825,-0.36854238411773904,0.2526428656991063,-0.4499529196457505,-0.025394755251175002,-0.276277876484648,-0.010498210438442415,0.16283783572792407,2.5492548813479403,-0.06788842754202189,2.144538402557373
0.489256714078012,0.0403785384873854,-0.20686249616699295,-0.6873636376303862,-0.051343494246102635,-0.010157565658722554,1.1799040105766427,-0.826444846368014,1.6073292432838278,-0.20694888329926098,2.144538402557373
0.07776855169720652,0.30252201900044856,0.35456716600627214,-0.5927527388630478,-0.5429999491873267,-0.0147456144193804,-0.3743218911669787,-0.48092597247425,-1.7934665575021715,1.318087876692647,2.144538402557373
-0.5224621732344529,0.18208378430230057,0.14100893732413333,-0.8358431352377507,0.04404656615585467,0.24016903553400606,1.8954955779831928,-0.5777456167584569,1.5069956768373924,0.7393954892455754,2.144538402557373
-0.4350346251538852,-0.5239705202444942,-0.42897943824920715,-0.3952390254703443,-0.5016083832551113,-0.9186813992495078,4.719730447078834,-0.4075386078467049,-0.2035499358710118,-0.8058431284189761,2.144538402557373
1.1399572430030056,0.34822584625167324,-0.11970803438898431,-0.06681991401028808,-0.5084246742220924,-0.3210351197730924,-0.19044231501408487,0.3558476421708727,3.6859563759087637,-0.09244734220944612,2.144538402557373
-0.9485195136395422,-0.9707842454214508,0.08252452909444498,-0.32104608908203675,-0.35626705877852866,-1.3092263372266568,0.7567611420630854,-0.6881513711525176,0.06951570528478626,0.34248776590714053,2.144538402557373
-0.16540731262152603,-0.06081729653820702,-2.0307410540490896,0.9811152168585919,-0.35611327317615743,1.4280088472628887,-0.5313915285012241,-0.7826778720978995,0.5900336626570264,0.15389503379150335,2.144538402557373
-1.3634553829789033,1.6404680388400095,0.8022358699081853,-0.28597543955414584,0.45560868247508524,0.35723994051090324,-0.724431709538381,-0.7414467387727787,-0.356414382163771,-0.3119109283870876,2.144538402557373
-0.3023116650136865,-0.5077046876591718,-1.0838488688903094,3.2888782800718808,0.9302656667710223,2.509334270170592,0.8483677677415886,0.1984280536778806,0.4879564537518117,0.7743169979635169,2.144538402557373
-1.2115166267724151,0.4861673041833685,0.4354372696570308,-0.2565198665045349,-0.20354007606497776,-0.1636411938192899,-0.17029309791542063,0.26846413631598226,0.18568549644080215,-1.1275384733914375,2.144538402557373
-1.6422755957971484,1.018839253535859,0.12313731587165322,-0.2742005854623777,-0.21314332472654807,-0.5906535508372269,0.09695939382137425,-0.3002107510533501,-0.43574529000400974,-1.7809983083517145,2.144538402557373
-2.164957468947126,0.7019320112619322,0.5289473688570111,-0.3175816565445264,-0.34312367929730336,0.39717351482994057,-0.26714650765409326,0.2697289823968762,-0.2092404369813006,-1.2089497720545557,2.144538402557373
0.23119681840480494,1.5485438756418035,-0.06211471850101484,-0.5459504727805675,-0.8030490603092312,-0.3254083947479707,-0.49533689121789876,-0.31549749908284375,0.3571577731909102,0.8517859900176522,2.144538402557373
1.1448408452625458,1.6546258255669881,-0.9604994866523247,0.24029471112259487,2.9432203323138566,-0.37322367410153234,-0.20167880823060136,-0.3257302186664349,0.4889882635884499,-1.6065090032131935,2.144538402557373
0.1657680076985487,0.9312470509276201,0.7807789209613538,0.24276848445507748,3.214783692919084,1.3475147930073397,-0.8363328929853125,-0.07468983781996259,0.4838312755961569,0.1495691047888444,2.144538402557373
0.9163956104529919,0.9273707874473037,0.2453688967618938,0.9719420661525144,-0.5388327577481935,-2.4143308229300544,3.734638221527231,0.15580584552348073,-0.7422656526482485,0.11801816787500206,2.144538402557373
-1.7627701240354328,0.12404539825644965,0.5892430240740256,-0.30474197731870595,-0.5033319172539915,0.23963903400432934,-0.06276468688162469,0.45275164527818046,-0.1488591656171638,-0.7050279237106484,2.144538402557373
-0.3816255394286255,1.4581996713888812,0.11187001442851828,-0.4217761181314126,2.326009126645279,-0.4940815698517899,-0.6121730871543731,-1.0474895934568633,-0.18324612564427756,-0.550757264502588,2.144538402557373
-0.345230829326884,0.8582449420852859,0.13228900464800353,-0.015539327538734406,-1.3262901001297023,-0.0608223101506091,0.6416556991384256,-0.665477272311589,-0.5834597520275269,1.0890137399837707,2.144538402557373
-1.5705903028778863,1.6641400606806047,0.4550914332297029,-0.2624887698889323,-0.56021950908047,0.29152881246605894,-0.1478498218072002,-0.6217687754704478,-0.20250645251697208,-0.6044780553479782,2.144538402557373
0.7687136640198552,1.7044385814623246,0.8727196145734196,-0.4519521866384527,-0.25043237070412605,0.9885827706453543,-0.9609405229331908,-0.8154765689385483,-0.7536656879790916,1.1582691415286732,2.144538402557373
-0.03585821978478137,0.4753056426324966,0.3152612624505778,-0.5408203838567414,-0.11671369488799607,0.9995224500248997,2.534791090384476,-0.4706776764478628,0.7874605839332683,0.3839585245947394,2.144538402557373
-0.9345921910142297,-0.5097666264820222,-0.04269444092404658,0.17535910883122816,-0.48696736676530095,-0.2957615967491596,-0.0012560505519488897,1.8354274543411435,0.1591001905323853,-1.1984362767378118,2.144538402557373
1.0089098353082178,-0.8615720659177409,0.26853502160465864,0.11360480000445117,-0.9350461249561848,1.2828531467149542,0.662417853512202,0.24949444976378482,-0.29165478877654455,-0.5854257925312345,2.144538402557373
-0.5405393525365944,-0.14837649815585402,-0.6237195892395639,3.0792950767305522,0.1944810689618691,2.8573487607869965,0.20100497754758107,0.25175329103372446,0.6537632783092878,0.9160242696415672,2.144538402557373
-0.9562878909939623,2.4711753280084947,0.08849591222880375,-0.4687539425618053,-0.7100378877810354,-0.0570549219784049,-0.07577697888777246,-1.6510254910104518,0.005381951649629942,-1.4819519820209697,2.144538402557373
-0.17323817251464066,-1.0210813569514812,-0.5069508508425892,-0.2155691406121403,-0.4521040985290662,-0.17805750192171804,0.07157591294930554,-0.16300463571365897,-0.22009798997598823,0.46716196793583037,2.144538402557373
-0.7942713052183228,-0.7825494684015121,0.5823959525201667,-0.015601188978600113,-0.4907651713165434,0.7675757904244793,-1.520857552484389,0.03368699228053646,-1.3136977895790671,1.9968682449591568,2.144538402557373
0.4003678708579053,-0.40932876730242856,-1.3041120693709496,0.8033410603389172,-0.42578878525899994,0.8624547715160357,-0.7389977691189737,0.4842054390068899,0.28880906118319816,0.18129808112638976,2.144538402557373
0.22968687005218616,0.14480534391695432,-0.6335223602701702,2.6528565165606177,-0.3357870457062094,0.31506374383795965,-0.8063732553082383,0.8125739920660567,0.4070181038144809,0.7344331051016842,2.144538402557373
-0.42304360467310365,0.6869176670847086,-0.3556128819032689,-0.3138637248293022,-1.3308169472418199,-1.608179410546132,1.6974141770619529,-0.45142703047117266,-1.2468599736498498,0.925632656053157,2.144538402557373
