PC1,PC2,PC3,PC4,PC5,PC6,PC7,PC8,PC9,PC10,Runtime_seconds
39.952251467738165,-6.179302510306195,-12.81658705634719,-19.3950506181866,-26.891906893489587,12.609728656345581,11.050306948319987,1.9457522676935062,-9.082361656272122,4.0909734712586525,0.36946797370910645
41.44937372079054,32.3389040647396,-23.877323103871966,-62.45331741565882,25.57136814809555,-79.55785367832837,50.80910330168673,19.74060624924803,-21.9033007953111,10.140315859541703,0.36946797370910645
7.481658481150527,-11.723177552372764,-24.572420229425546,-28.08311460816722,11.42746433494641,39.89149832024836,-3.7710063452714753,6.196312100671439,-2.1508876970073785,5.044009971932579,0.36946797370910645
67.75183508524397,56.0509643479003,-3.548956498599493,-31.978174511836627,31.555330500938826,14.210279489776234,5.214167023638684,12.6915205507639,-4.750648953020261,-0.6808342557914434,0.36946797370910645
-32.10809713813113,33.54169631858143,22.829081600595707,-16.96247142995962,4.524582192880977,7.700170256351071,-4.902894616609757,1.5270146611925977,-1.5799656770968187,-14.877859263807439,0.36946797370910645
-54.26517771852796,54.27748636852492,0.4524444088836172,-1.5915877908424807,-14.820679899059737,-7.9022067645459435,18.80315936034133,-15.424186301136805,-12.405462019301586,-5.709007828976269,0.36946797370910645
-82.29758781656652,19.437219641620278,-4.020534527143218,23.841426036763945,-33.59223680548919,-2.923495388770546,26.05694709449286,-16.97192517264663,7.8052545030318745,-4.071489181047185,0.36946797370910645
3.4047523169902547,-8.338645826290366,-21.847412322152902,-9.289494734542675,45.60833985843692,19.59026491356229,5.460923449707709,-0.7384416858242633,12.915136140845693,11.5805981640231,0.36946797370910645
30.89672656293386,9.929272744445536,-36.95220461264958,-6.956247937678515,7.2524090406672785,-54.2442150187161,9.846661254842411,5.185203228812869,-3.750804731109626,5.996349196853682,0.36946797370910645
-41.351817881646774,49.3972517678354,-0.2122717279815597,-7.129067008311419,-10.494061799225836,-12.232597362008594,25.98464925045161,-1.9345907264858055,-14.081038696765889,-6.594871479610921,0.36946797370910645
-45.972614752994794,-6.883027573273149,31.56719100994173,37.99228795505015,-10.752203874533864,-6.154542255963168,-15.712151401536062,35.56607284619467,-24.997327350818175,21.886427143640134,0.36946797370910645
-14.769544328076746,-3.5792023213356154,-16.72271455316229,10.661288814929716,-13.344224828734832,-24.043670890955173,-24.29818251720352,-6.76767136389444,-14.132208856732708,29.259444743236102,0.36946797370910645
-81.00074976565894,15.099131356304026,-22.007575193333885,18.141259603145517,-10.272708094056874,-14.292528882748684,12.094682942832401,-16.462894259369637,-3.6641258074500462,25.795572175754582,0.36946797370910645
-37.643065334431775,52.7622208571963,-12.665469572365728,-4.33309824845133,1.1041671177248766,-6.433721070089801,-2.1673249858260273,-24.837183226632217,1.0099267657645312,-2.3624470137413125,0.36946797370910645
-40.262515069148414,66.34809573149465,20.462945957580605,-1.3164021061241924,-3.7128275203172922,13.204332696908514,21.38973199292321,-13.839368133857938,-13.49493959721696,-19.768166896301334,0.36946797370910645
-67.97838310920369,13.080840802002914,8.871725878024959,3.977425667731563,3.1932724421617453,-14.218248763263393,-20.704013677059272,50.48628179436006,9.137856761754248,24.270089871147842,0.36946797370910645
-21.105611123335073,19.651247665972356,10.751423951661183,-3.528405758074126,-12.071621683283812,-25.48919118738613,4.731270469202284,-11.249372736794824,-22.135522342892838,21.996756376899622,0.36946797370910645
15.078797374062614,-7.3353588720620975,-24.637058112639618,39.20711891822334,31.51786770747291,-0.17809419098004697,-20.73626144529162,-14.478583903242727,28.1180927206064,-12.146558456588684,0.36946797370910645
4.602453767302353,-23.3998240841623,-48.04807922555882,-21.22610565964568,9.573615492366434,-4.52830697480378,-34.839827469389974,-24.88938684410861,-2.415893528215197,19.449761274203393,0.36946797370910645
-5.046024995776485,-26.909382946397134,-19.495907486990284,-16.655118474242467,42.26661359207933,51.53766236412395,-6.156363575607924,0.9762571173311482,-1.36260243685285,12.158488237158341,0.36946797370910645
28.40849345613063,-22.119281874397856,-26.25506813435764,-10.906913420004864,-15.07348176633049,23.33632048976507,0.023823101479498208,18.51402082871522,18.867149349090717,-4.80835915962706,0.36946797370910645
-69.63488013481532,-73.28661023583874,-16.772798840328395,6.830556077962366,54.58275744146468,29.521970183310884,13.009561812489755,11.670195148155457,31.887537894384586,-2.559806186162229,0.36946797370910645
20.71872227019025,8.55437672607542,-34.15179962901442,-25.82182514712918,19.081161764995038,21.019220665177414,-20.124696007232465,0.78167360927581,-1.9608497953566544,8.325322794967287,0.36946797370910645
-12.714196100331774,-33.93338385294043,-36.07905261751852,-12.604313321798136,19.536717264128256,55.42741585567685,3.1103912925824773,8.607757859077871,-0.15153171362498857,11.730959966161107,0.36946797370910645
4.330481475919949,4.798671138423094,-55.956655543669,-16.429662413574256,31.145073596939135,-10.27032961841115,18.230950961521202,15.7646685453401,27.090356234692965,-0.7901953450668445,0.36946797370910645
8.772429449166912,-24.780238721325194,-43.44583097062797,-45.99293618777277,-24.23930570320979,26.56386176044186,7.597400076113991,9.921574054910998,10.782536340472568,1.4699198378420706,0.36946797370910645
30.217283290481987,3.9900098611316372,-37.882155068161325,-24.745262371390517,10.170505965173941,21.104853258572014,-17.819977428324446,-5.733689909297499,2.4436640043888715,10.5978278936938,0.36946797370910645
48.04514705012632,3.860956298220134,-49.56049371218219,-32.836229469129265,-7.638184286853596,-24.273004594497035,-36.77105649649031,-23.056379232626224,-4.065678359737319,23.78864257093307,0.36946797370910645
-24.25675138127724,-94.86883578490087,-16.03613003750548,-7.687951137662565,-5.468199561780435,18.85653649763178,1.5503746833304226,0.386106378922604,-26.91670088359735,1.1681639757063482,0.36946797370910645
57.48425579941659,21.438883073208558,-18.631739054111545,-32.27055520813721,-6.781685756937567,-6.344039080824725,-16.83202677828427,-3.81408788274668,-13.727745589351594,8.753599592384186,0.36946797370910645
36.709373669025815,-21.01144446458302,-25.960714823968917,-7.56792534706201,-25.696136572473122,-5.258367989077756,-36.018908237459776,-32.1035243616305,21.671915870074773,2.3531007386083,0.36946797370910645
26.63323605818752,6.511586572832213,-35.178095839385804,-49.94484010011718,11.629488820337018,17.21595833368218,-15.335002747484134,9.94133322362214,-2.6386378124135916,7.894957269935443,0.36946797370910645
5.434745800053032,8.763980471054692,-57.479730644050065,-19.43483918527732,38.17686518293379,4.633667062474071,14.60424130984319,10.477437030449707,10.919578675276766,15.3613907129389,0.36946797370910645
17.128217954090967,-9.435175826476799,-12.84658104155616,-46.23243479123889,-6.25563342612117,33.29692175490877,-31.493059229064027,-8.452244493398936,-10.53321067995797,6.134969884991602,0.36946797370910645
9.675903576063405,-25.464183748145945,-2.8650058101339972,-10.670804372265414,-1.2799319307536525,4.713308740449584,-40.96518104681193,-17.90098336089608,13.831840494149105,3.5932724556292124,0.36946797370910645
-68.10814285454863,-59.67764509889917,8.212894353051487,-17.501733146609883,88.7768738297195,-21.20595323960068,29.70216973073121,-12.544906822119884,19.68798796588969,7.101551121069162,0.36946797370910645
-2.042899846299,-21.094942469969975,-10.94454718551425,-16.810630813464876,16.826852510263162,50.5138443022589,-0.018118923325798685,-0.8219508350150787,-11.830624996870242,0.8475351686307094,0.36946797370910645
79.28176575739347,43.73354172267691,-3.735408431195655,-40.2522618533759,6.044061758148147,-0.38162347437589256,-13.878657196437462,0.6603248472434037,-17.278746396434244,10.23099944554417,0.36946797370910645
47.71296850906271,20.826043879988447,-3.659937761400311,-54.52176071421822,-3.2792118698179147,-2.9680461682992925,-23.090065970211334,-15.380490114172549,-19.112101162849402,8.36980944261153,0.36946797370910645
15.842346828959576,-6.404107332585709,-28.681707336275267,-27.306127489971896,16.222635989718448,-2.8184361931769253,-24.14236413623077,-14.71188245768719,-0.2572907613217313,9.802909141531703,0.36946797370910645
50.728942514891585,5.35539576965006,-12.61525223945999,5.747824623810144,-2.143198764319691,16.047862300095044,-19.561497261418037,-12.443365796507802,-10.641119608763406,5.086172192272721,0.36946797370910645
80.12121866258715,51.05014946086886,12.847448524429467,-36.24917972044235,11.64683861964612,16.100886246668143,2.931001109899619,21.974628787026635,-15.662500088761416,8.63994846285379,0.36946797370910645
19.007467452490015,-29.83389787619772,13.465060786010833,-26.85826185403044,2.831390897505221,55.38839973399903,4.231905053826938,4.183196705475686,-24.58726996755851,-4.594608442882026,0.36946797370910645
22.00830316607293,17.892783192548464,-26.89589480734655,-30.11427273937083,35.30756245472933,21.052169011972197,-4.89834945163223,6.969889699473106,2.008020596601679,4.418297819500519,0.36946797370910645
25.40764066221599,-18.375041881920854,-7.0342702351055415,-6.655167636838465,4.707952327247294,46.00331030320342,-3.7777418617028573,-7.448435531518374,-26.580689571430014,6.995251203482307,0.36946797370910645
108.39432674081955,62.74262555247745,17.545962666198488,-12.318285854031679,10.796539452514931,8.33488861690496,-1.002150893017067,20.301642061157104,-7.425683237630172,11.228047790657898,0.36946797370910645
27.229025577172724,11.428543250902742,-34.49987969292453,-15.691894890110209,17.07492332748068,27.751611490442073,-10.062683535669382,14.127260214203249,4.926292667825566,4.712169347971472,0.36946797370910645
47.723534792764724,27.456381932336043,-26.2671744754959,-45.01750475192467,14.195413810473596,-35.81014926834709,-1.8121540476496776,2.666451638797518,-11.802452040436904,8.623924516769469,0.36946797370910645
-60.1463807976597,31.607832462779296,-18.59631967686125,45.228710102450876,9.559628159842653,4.907909995339935,21.124929343277735,-7.683471190944161,-8.232051724552406,21.942494908144486,0.36946797370910645
25.52870384821772,16.746728897253227,-35.949691355906346,-16.461467894860565,15.671086293956657,-32.842735748165886,-9.0380296462026,-9.356512392099269,-0.7437145091499447,7.293300636774339,0.36946797370910645
-39.8926978844069,9.688587864189595,-13.572092678743177,38.37391186133203,-40.962432934950066,4.477854289770381,4.644306953791097,-13.638531179551247,-17.458945492358573,15.769358323525513,0.36946797370910645
11.259052150994622,-39.88248803253991,-6.8518438978299825,5.406864919149473,4.37053581703241,0.9816786126841424,-19.107855175127423,-25.156677477641463,-18.973089549208588,-11.887351959231184,0.36946797370910645
3.4056601831076088,39.43697034478975,46.27350414362203,-37.836279837931315,3.005190816637744,0.7034364179351852,-31.71274877912576,-11.576387562319715,-5.461412446821263,-19.03756462333631,0.36946797370910645
-69.43000908304,54.90609875944854,20.85657092289339,23.151024818547807,-14.105203508020193,10.076975207952918,18.871957791765514,-4.390414924682906,-19.559073588201198,-3.7555871589971317,0.36946797370910645
-53.76686766926441,54.07625953451187,31.66295833682088,15.274193898729377,-13.990083269848792,13.329759465086081,24.920722719684672,10.770032401665281,-13.446430006021789,-9.269583646530664,0.36946797370910645
-55.50416965802198,45.431672381747,14.47205855474093,6.126454751132592,-13.873079395837559,19.096199174244404,19.637607792647263,-20.30869884339782,-4.433211806430599,-14.790955985391902,0.36946797370910645
-61.02231024162249,42.90631752030585,-0.7724621497215414,13.084096426119634,33.38868875600509,11.989201387001321,-0.3793594778780967,-11.768028701869493,-0.4275878177044734,2.4469600220527545,0.36946797370910645
-65.15322073063244,18.52345808238737,7.149703298915196,-45.780142395257464,-50.18022185855292,0.0822115219441502,-1.2385489912034937,-13.522257361532,14.885698678448245,-30.161004310203857,0.36946797370910645
18.646681689574724,-18.347828375370753,-24.905466173418827,13.942486077805711,-18.65828710566525,-6.307419147107209,-5.618346502098082,-21.624742217978042,0.5681951185292098,8.222338992750199,0.36946797370910645
-62.98138839562001,23.696910491518533,-3.9385502442471734,20.783516452628906,-16.711874804776684,4.310910565968231,23.81065635596418,-26.045247325985187,0.3733773132638884,-5.89770946722412,0.36946797370910645
-35.27491871073988,-54.168427944618,-21.181020885615954,-25.31552592407102,24.844121855131977,43.82188799608518,28.495555412785,30.53150772737626,17.256045117063955,10.439669298252737,0.36946797370910645
-56.80796828837795,50.381649664099456,29.693408504069318,-12.313160005716192,-15.663305932089699,14.336687177526004,-8.271406542497017,2.108532519601728,-1.0491087213725625,-27.883819403991485,0.36946797370910645
-35.42822979895208,56.02810510507367,20.241272892898575,-23.24454952814489,-33.309104572516844,13.021467785644473,-7.937044820851276,-10.314083523670927,-5.672482930205451,-26.934399761030615,0.36946797370910645
-81.57159901054439,41.959726148389116,12.001388614279854,37.427218219627456,-10.588906696662438,7.064136418046247,17.65456177576714,-5.752463354118751,-1.0390720566579907,3.7380562043979495,0.36946797370910645
-64.38772406362656,44.874993591300786,11.217945424632237,-22.788335471128498,-46.47106743612143,16.229571792682478,-13.1246246764413,-13.320430362840382,-1.8312443205974416,-25.088901610224625,0.36946797370910645
-54.62264308975595,42.997288492583046,12.136931954173587,-21.8256397361762,-34.520627043936926,13.38443302900052,-16.224952925840018,-10.124637178822494,4.044506250502099,-31.6320514458901,0.36946797370910645
32.7232470693714,-46.26235154856545,-22.382572742281397,48.98624530230795,-40.60305944296842,-7.040027805752502,-21.491470932518723,-24.161590440506615,-17.354789021467784,14.57740043580176,0.36946797370910645
-30.04534304964863,20.099427451602974,32.990477788097785,-40.31863252618142,-26.717234190287,-10.135238474494697,-27.850927323685582,-7.348544986900842,-4.248838619597826,-22.525267252724415,0.36946797370910645
-82.63217397405609,40.10472878910931,-11.687569204934055,27.233291484975673,15.703553991750201,9.614595537111695,9.944874275723082,-12.818344341294036,-10.388773130050984,9.27839096018024,0.36946797370910645
-31.302755778249757,56.40993242120353,39.83193848508627,-10.305906626365323,-30.41268213907218,23.859770095764876,-11.651260669533839,-12.668819961413496,2.1727870289300615,-39.51444748389521,0.36946797370910645
40.156674112287256,19.512832081806852,-17.22287321302511,-50.279948680587864,11.088119069693143,-3.7986845163069205,-11.657761224090429,-9.0526260675026,-5.692745474499118,2.1452330033496607,0.36946797370910645
68.42395922268713,33.8697761224756,14.184386572892615,-13.080068529090157,22.358744007520247,37.222820410107616,8.533671990989118,12.258192439153355,-16.503362092611834,0.2866585921512947,0.36946797370910645
26.414508854846193,-7.0443149244919425,-35.51369850387982,-30.536596308843166,-12.317709026204666,-17.982986657069684,-29.021292515037985,-18.823032380436185,-7.9270602583322844,18.30080318679263,0.36946797370910645
7.264764368608571,-6.012716603315931,-21.07885812962764,-34.84572490476567,5.224539385122678,37.95108187699017,-30.738638640267773,-26.512272846284375,-0.6092796215400931,18.483712759456022,0.36946797370910645
17.252471437172925,-23.314158728180185,-43.39653094370518,27.03832945073778,-19.73226668499042,-22.572294602909025,18.96978318414598,12.736221051748947,33.57139015499014,-12.369287766827561,0.36946797370910645
30.350840192239144,-24.41335789075126,-18.44178041762459,-1.9149908064762777,-24.494307759410173,27.860129646958836,11.934283513091202,7.840676788709841,22.33413394760802,-18.631703903976707,0.36946797370910645
3.679572101201821,-54.01704270817327,-28.12109915944798,-24.637231355725273,-45.84176885253688,18.1898495664802,14.868583616369428,10.591968840052072,28.319900245760753,-10.142369938145183,0.36946797370910645
-1.075036568995942,-18.649484611610713,-35.43569731891851,10.726807564178962,-13.20528733288221,12.611452311529623,28.547328403796968,18.533519792080433,20.75210768692247,4.876959259782205,0.36946797370910645
20.356201618922242,-2.985355560498584,-33.347338478301985,-18.570460456675537,-5.676644992724077,1.1002981796581763,37.344705430177164,17.801341822132613,-9.199694456643995,11.259214590002697,0.36946797370910645
11.982656581939494,-45.54081948922718,-27.769426923500752,22.87646414407178,-59.674013927982415,22.164077454662483,33.31980882517529,17.843343309541552,6.667557493815756,16.43738115030153,0.36946797370910645
11.969960224960312,-19.052994578905523,-40.959151611563065,52.95146144488306,7.420881573458772,-18.27941148227279,-7.799428356159054,-11.110940428081562,36.96459702281726,-15.586495122577125,0.36946797370910645
21.284333447910292,-8.35775327479916,-17.39806985026983,-22.844764759394838,-22.458669905320118,18.889553727275796,14.780819242796548,-0.835543549478062,13.197998205941857,-18.065340852089722,0.36946797370910645
26.707554517147404,-21.973822339289637,-23.006264910256085,5.032196856030544,-12.713893256485367,30.959438251358424,15.06902507657974,8.52054218952908,15.108309700966586,-12.689778497723307,0.36946797370910645
-42.31279678602272,33.792603219265196,-6.178676687526666,-20.94813842800738,-25.02143144272369,-6.776669518953658,2.9170598705574964,-13.609672686679264,-4.7390562191142,-10.761655270371884,0.36946797370910645
21.264712847434836,-44.01075609458952,-38.7202910281738,44.588159521027656,-20.12080974338728,-16.19334905194858,-11.34456679194543,-18.61950907206096,34.90108545573397,-4.371489000299876,0.36946797370910645
-31.3770633412039,-58.919176030039125,21.70920078903486,3.576948981238651,54.82857358087079,-3.0334595938779887,9.43708940670017,-10.501917106546998,-21.736460072007446,-14.172362582579229,0.36946797370910645
-51.84932691543699,55.117744571474844,-2.3757750486489138,-12.981511524541599,2.242116152741635,-10.813834731859286,8.601022507250024,-18.91449205344844,4.837860404741005,-9.117427090166258,0.36946797370910645
-85.15626743730037,36.88048732814036,-15.643854384518985,12.546215419200507,-1.7582309862891425,1.8283516261558044,19.93449431959066,-16.26642211903027,-0.5035971457860855,9.687206947897547,0.36946797370910645
-56.6336445397382,33.788079193668594,25.131930614110587,30.411975793851045,-40.27445911472325,13.754249833676964,26.96558234483849,7.840468090238309,-26.285654039359382,-1.0555155352811514,0.36946797370910645
27.93772032915649,-41.52363506347133,116.72436968318029,-18.00328553207154,-32.52526672982598,-26.473395691946543,26.37254685235422,-5.902630583977579,5.298237068266306,-2.306724420008445,0.36946797370910645
75.78375327908468,17.238860014858197,233.0910176939189,-24.5576375191878,28.553876512845786,30.265469500536973,53.099549484196665,-62.933470576049714,116.1323356272801,142.80612520252387,0.36946797370910645
36.14872982025106,-37.60576022558264,138.90428304251586,-21.178986061218115,-23.286503545791987,-6.3529192661436955,19.4870458118526,-17.299828905516215,16.367764557421186,-3.2424579342537934,0.36946797370910645
31.43433753700551,23.863584852520614,-7.9007248611218595,-47.394511046377694,8.979636457297696,-6.214142927071092,2.2475559066974933,0.9958029319569152,-17.081523460638074,4.21676645536102,0.36946797370910645
109.40223140603953,58.602444407622,44.07587509418012,38.433442976475156,13.212236693618424,1.4990119456456388,23.490621809634657,19.147380242326797,7.199604675082379,10.83419341888034,0.36946797370910645
51.49923216693813,-8.448861155761978,10.027369542242448,-11.074137781111299,-22.751568488991875,37.51131716339052,18.426076592511066,19.718087741739506,-3.168119352555576,-17.629465085850438,0.36946797370910645
24.671468837749796,11.105092591662762,-48.757829654666864,-20.665285542777504,5.441863449416647,-33.9836905449408,49.09668134027658,21.90727298515242,0.9906498395688985,12.493545528353902,0.36946797370910645
64.28326052318306,10.767986941420077,-3.836367935418061,38.612098113326844,-10.395722851435579,-24.222773342838117,10.107619566840516,13.076248075219919,22.397374197643753,-36.09853228174819,0.36946797370910645
38.533440767029255,-16.372981541935513,11.136621338716752,32.608060130221524,9.866402851227498,2.121084740056384,-29.265368973860838,-25.521004051120176,-6.2542369756237015,-10.318900760611667,0.36946797370910645
92.09421842902971,41.97492517699806,27.178455273415814,25.320411301030077,-15.204129917174138,10.888111256217753,15.463648105059288,15.973065961220126,-19.14813898588262,13.050569240224505,0.36946797370910645
62.393918170473135,15.145433048316766,15.39630927016113,15.076991192352278,-23.88288420086334,15.620937460900885,44.94207684162736,20.090395277176963,1.3079502815782094,-15.478679262499327,0.36946797370910645
24.79064390026314,-32.79827540412988,-19.892083463947188,9.05552298274546,-40.095593776119465,10.415163610349696,15.22373992400456,33.20526434293914,0.42975419577101603,7.330470790525151,0.36946797370910645
61.3726421486803,6.305010661782958,7.6235991082925025,1.959302730738887,-25.91972638457494,36.17208340865943,21.857462543987193,39.41667399629437,-14.699243967156363,-3.677255301739435,0.36946797370910645
59.01409574141552,37.904218536346896,-2.529831368102643,3.3872823516271833,6.804894479096272,-9.630132316086604,2.713226260054747,17.766099185508747,16.172491526647658,-19.63111584281828,0.36946797370910645
31.01721396077822,23.23674360201357,-22.88693228652111,25.474131358777072,30.048802342853225,-33.31233951742208,-7.696814655469947,-6.819248944463409,8.62111710998882,-2.0002839841060247,0.36946797370910645
67.76129471472026,44.49199929754478,-22.143433893217715,-3.8088755106196195,17.065228025517314,-28.827509037624065,8.59925084376361,10.28712346064406,5.813502355117131,-10.889304032997108,0.36946797370910645
36.37148957190581,7.004537746860582,-31.019409265911538,-16.166445832632412,-8.217622256183077,4.262320128056709,6.733242577023415,15.685803162111208,4.8461877666379225,-2.3495276008078854,0.36946797370910645
41.933777937653964,-18.367311186628683,-18.9483260921939,42.03214045242582,-28.569251442910893,-5.864303721720865,-9.782515585901281,-0.6652603934925759,2.3679070015128234,3.5314639451983747,0.36946797370910645
20.434696309598714,1.7897261972769056,-29.903206324310716,-7.99021700762524,11.483370138300813,20.74670732694563,-2.7569010264902603,16.441355567387294,24.418202836382722,-10.193957275704053,0.36946797370910645
7.152423798313568,-42.32230784602019,-22.470160524630963,31.01585522477146,-53.8217356247958,-4.786034784087389,9.683025092418863,2.139363053341979,-4.073544107535313,12.517667133931814,0.36946797370910645
15.746772702009652,-20.77550379827701,-25.9413236683771,-22.573685766940716,-29.01962434878719,14.048594770634107,9.29427211365413,1.954863890600365,-8.983154154046298,10.563380266271015,0.36946797370910645
33.11067680870666,-9.935624238716747,-19.937777105568298,-11.698559229112092,12.761874346935118,27.896211002475333,7.383751858114207,10.090958992012485,3.2098390467673195,-6.089211391501905,0.36946797370910645
115.60970313196889,57.20639207751693,51.44306660108753,40.859645332478244,1.6776818537215967,17.949181454919692,-17.184047397721027,-5.765666347312697,11.433092001369364,11.662446353417025,0.36946797370910645
29.983766248226722,-37.17825030522649,3.402570339370455,30.914143237721127,-14.43013490427548,20.207949312778986,-3.7262823881162257,-13.907673649191608,-14.85113069741199,-6.528210062131846,0.36946797370910645
22.039218197749857,-0.9060511266787397,-25.779277217498375,44.76665009795384,38.22623153892839,-23.55847596123906,-31.64975805572871,-28.972829111769048,9.703376320642084,4.128604016761313,0.36946797370910645
21.480109475099056,-5.10424195264352,-15.371532342445105,-37.96234002773668,10.937193546589967,57.3567483391961,7.35521634376624,12.07836189923238,0.28434205394222245,-1.918565567954979,0.36946797370910645
55.812639528302626,19.389868713485953,0.3372871578527867,-28.206557624672364,6.985253629565405,39.748043666261076,-4.603600184203123,9.527551222690962,-8.141430766346083,-7.350441795195232,0.36946797370910645
-26.522993547480024,-59.30541609956639,14.476408253362719,-8.43845467042394,34.948258297923836,16.706274846035093,1.6589821932305346,-16.0390104043117,-25.548592282780998,8.601948836395328,0.36946797370910645
-23.85249453709364,-36.40626831709163,57.642644884911114,-38.484724568829,51.2165734748194,4.777878770191537,-10.92594881127604,12.109729865015389,8.626965329758574,-35.04126525602607,0.36946797370910645
41.93344551446786,-4.856989068103175,-6.326000375192326,-33.132150757406414,-31.716488007562223,8.71455316350711,-26.42874609890504,-25.59080188396973,-11.05147734995595,6.463516150446446,0.36946797370910645
8.224230148256689,-14.795490168746216,2.837014119724742,39.82875442031756,0.33630049540492735,33.558813850988734,45.75260699130631,22.61326433722578,-3.1674480878546762,0.8732134715891045,0.36946797370910645
28.64740728641553,-25.345759003431688,-21.238477665353916,29.488364797793274,-20.323115857382934,2.091514332572933,-15.13700424330766,-14.967609918619607,-6.9262996761873445,19.46225483850122,0.36946797370910645
29.848759964223238,-28.337484580903688,-15.949051823041057,55.76265920551962,-17.400550736161076,-18.681125211466462,-6.378922901691272,-6.665313802931098,45.247067201989545,-33.20314099546793,0.36946797370910645
60.69715437309851,42.36765718063753,-30.706916414032428,-56.65535930139918,14.995638562383343,-64.63480204613838,37.45204696978059,20.506238026023652,-19.107722280185225,8.584334132550566,0.36946797370910645
21.721804775510016,-10.302687161504693,-32.89807623806057,-8.669613562833089,-20.334100482465473,2.009178061001916,26.60695377266299,17.147994264993134,-4.982248163549123,18.221038854360263,0.36946797370910645
16.39362135166852,3.1871061218634997,-21.842217648776238,-31.469779517157036,20.217511323015103,32.26321988724943,19.370644101559932,4.865963074825132,30.603928383524316,-29.3643546970595,0.36946797370910645
86.17921219512586,29.952014793429147,11.013718354740595,39.54125857366386,-0.7820715174898926,-4.884887751678088,-23.731588039338654,-5.081336151188227,5.268548585052806,-13.127048726195587,0.36946797370910645
40.54401182681573,7.572237206954171,1.9964809877952499,52.77524403632314,23.468179105233773,-3.475288838553824,-16.08136290551132,-1.364047565820888,35.40573434977515,-37.49893237203054,0.36946797370910645
30.604208678090583,7.922499852742401,-52.863323030039446,12.758368293689221,7.420987905997911,-51.083194133927506,21.623692722460383,-4.024389671358441,-1.1844482497438493,14.86689977122686,0.36946797370910645
-36.57648509832899,-87.7108159039199,32.38147291888523,9.222528352951757,42.09264673510259,-12.456441545035918,6.386565264130859,-11.817354642906027,-26.083426066908775,-16.525220740194303,0.36946797370910645
55.61293602370952,18.740925554064532,-12.057077571425223,-23.81721294265037,-4.580718724224778,-14.413099271052836,19.3463743574413,21.988790086876758,-13.419394104208088,-0.6068388642931822,0.36946797370910645
35.52260008378446,-8.94926364188655,5.178239197893115,-23.3652117359768,-13.873033452425146,64.77209932799862,10.394748215867345,21.155936120057124,-15.730908355209495,-3.9490070602540714,0.36946797370910645
22.68520887430676,-31.73367314613445,-26.67697239906035,1.0907401138665134,-17.651002436779834,-8.5442429404563,-28.696747600261645,-23.113192343620632,12.138900626934763,4.87667709060016,0.36946797370910645
64.55002045191058,35.31659786788756,6.681105275923948,-21.8051230619722,3.5640399487790377,10.129242462506866,9.53119385720721,15.300314993317084,-9.304229563582659,-3.232902647860219,0.36946797370910645
19.13099820655077,-34.4491133045848,17.80660474043223,-24.36322933237237,-0.7116784185444667,40.98505978777063,2.0410887825146187,3.907143455329355,-27.304639565704687,-3.412928650053354,0.36946797370910645
-14.445153032363745,-76.63228251525274,46.550419424344014,-39.4684248478888,-50.70762852817698,-17.171329369234815,23.90947012378387,-21.06099996020685,9.58209628802485,2.0509965729700377,0.36946797370910645
29.301507237760706,-52.90318253075985,108.19057142875617,-19.379810198000083,-43.46849479248311,-19.775065544027687,28.96866049560911,-18.097058058576284,1.6180531822052093,1.001547241209882,0.36946797370910645
-43.92409661726531,-55.06823510169382,-36.8964781794548,20.74518268614818,65.64388447350814,25.465109979349123,7.1624520767283295,4.322885431286108,14.289124175890414,13.813238059745709,0.36946797370910645
-59.5253572280328,21.960820334602268,1.2456135591180693,-36.667472097613945,-57.20831894373796,3.134194767886333,-9.760245017581742,-17.554593804667977,5.656027974188873,-19.49840504486846,0.36946797370910645
-9.689676040708958,-25.61044987587855,-24.53817168286488,-34.27671613695538,9.294160223165804,32.74934457816165,-14.642858833391548,-12.121691372361806,4.213264577026177,20.070196474411983,0.36946797370910645
-23.73306681679441,-16.85200910407682,10.821231156439188,3.286393926343153,21.25853188474644,12.682194942805564,-32.30631665548986,20.08152493426365,-3.6508513046011046,-5.0276822088577875,0.36946797370910645
40.96995728766566,-30.646527480064623,-9.382089177300722,30.93592515905277,-53.70241982896053,9.712113670797903,16.3086792239195,12.882436301286836,-4.172107307282243,-9.060360634552888,0.36946797370910645
50.15412713083614,57.28684335331029,123.39865651083194,6.5145887130120625,-0.8026074074358689,20.222845957253554,-61.839984754383394,39.435068611470136,7.758846381210832,-1.0128157833305398,0.36946797370910645
-47.95549383745467,3.918604694960775,11.122028415259011,-21.375635267563517,-42.10535542519755,-20.802377391323876,-34.56837638779993,32.56281492206747,12.90696951184198,-5.057595284023736,0.36946797370910645
-9.636559548044612,-75.85016706622666,66.00471524764309,-30.95708397452361,-34.46714553145783,-27.36209528547356,17.131769020103864,-3.867436636889951,14.984095142650952,-8.34011076690487,0.36946797370910645
53.75301349810655,-5.952257817967981,-31.134570465889425,5.959528111921013,-19.419317586052337,-29.675284828340295,-26.04806010321421,-18.091828621661918,-13.440192615033496,19.134229207907726,0.36946797370910645
-29.69545461866138,-12.736365175524208,29.910099626402168,19.979962662746363,-26.9216031889599,-0.9159340634505102,-26.13618900680495,48.388763072397424,-21.86472488086602,20.30297719808507,0.36946797370910645
-34.438762077531095,-55.46939326304785,-15.323551452339519,-7.597722893049059,45.125720297250275,49.55850718430529,28.646064440514486,26.930184270443842,19.18754844362625,-0.53991456824037,0.36946797370910645
-93.44255021981957,-19.528149550195536,-0.6138400689169091,26.52697255876158,23.30378735828288,-18.273644444022334,-1.7898519541625053,27.04688785978714,3.37398104519458,22.2909492991182,0.36946797370910645
-68.17646684189732,41.7572685729642,-5.383604758641806,-0.8327403782908195,4.613186664443753,5.382865454969441,-8.749686307038381,-6.900079286117031,11.529901673713098,-8.588117206581506,0.36946797370910645
-49.15583969110315,46.020190228397155,4.246980382778224,16.24803399250847,1.215126680774501,12.393949317534215,12.842459566939317,-20.662639067115744,-24.56700146567438,7.7785351597766175,0.36946797370910645
6.392679956648616,-40.255420723361475,27.27336242360368,3.8017787728233703,25.625352930252294,-22.627670472638588,-20.030766353448193,9.418745461100276,-42.08322018680358,9.022953587369257,0.36946797370910645
-72.09592000098758,1.1830931945831151,4.331551263287875,24.635585634625834,-4.431837981249033,-25.548400232140597,-27.131610830080405,60.79543121893558,1.5078306268333967,27.256201975987,0.36946797370910645
-62.075928626147174,35.44840725128374,-14.770777917873282,3.7517119294539736,-3.086854804131799,4.192209727376111,18.11788041858481,-13.564519078908646,-0.9578617746549559,3.6598570730580384,0.36946797370910645
-35.91159245823357,22.833773933010256,23.468246559026234,21.490033670121885,-6.535909503126015,-2.089356713111505,-36.35013143005523,41.4514756790549,-1.2793803693537085,11.768606730944075,0.36946797370910645
-85.07517533186981,33.88591014934868,-14.96854451631779,14.232065953335992,10.263038825541221,2.708761740101235,3.335780012142577,-10.287674833806161,14.565193168183836,-0.30062319753576844,0.36946797370910645
22.575506960112573,-19.473200811422338,-38.50573438164505,-12.530823957251968,-20.31384223708202,8.963185303073267,19.208978532432322,11.199187974370775,23.026848124731732,-6.956582537101828,0.36946797370910645
-83.00739467467432,30.189369597125797,-1.097225823642248,-25.132673552226017,-37.91587734901864,4.287820186480772,-8.811710421587044,-19.951299685751813,15.645903760348105,-18.77990665843549,0.36946797370910645
10.157423473088366,-43.71391313945192,-50.02259647850526,5.555290189122904,-38.836140288884536,30.8192014746508,18.684435658559376,18.614631962445255,28.637379131003716,7.722013122342697,0.36946797370910645
9.290492164260215,7.315240178808311,-8.061864770059008,-13.941813281333927,34.17613254722859,55.716123346088075,-4.662233496811236,15.124011841210923,5.670557537314975,4.588992752449016,0.36946797370910645
-73.88867904286779,35.35162905793964,-4.827783844046917,16.36423117707165,19.120503394628713,-7.7171521919842645,29.76564567881753,-15.138927911971734,-8.024340071668785,8.517941151528088,0.36946797370910645
-106.38930439491732,19.556413552038286,-27.639861066105368,19.51624062067256,2.323365861630151,-17.016119604825835,13.326558660905347,-21.499714374029534,5.873855168160952,25.52599232286182,0.36946797370910645
-28.01410457105203,35.11142817647651,25.45081640213589,11.199441123902764,15.18418346749142,-9.684555526387133,-21.948484571636296,49.24700065763902,-7.033354025194614,16.02216369557468,0.36946797370910645
50.96304078112287,19.939762857744793,25.26447454109783,24.820555256859958,21.65844922215004,-5.765188346268388,-32.09838495845567,10.465766344109868,-9.35759184705236,-2.112335929334517,0.36946797370910645
-5.686181881254386,14.81556774325746,48.90774795165729,-23.89445942375765,-23.41334301123906,-6.164530744689306,-57.893278114878456,34.47432387419667,-2.1409283926019564,-13.887065481211375,0.36946797370910645
13.533265179239763,41.319048563876635,74.5138571127925,31.108015550603653,19.279001476004854,-6.576706572087357,27.37073125850583,51.62871226801825,-38.53939666471374,16.41406382017739,0.36946797370910645
-53.19744595697468,-14.913220846491619,13.796686669112026,-21.689868295287123,-2.758825001594469,-14.441399870346363,-65.37645424397408,46.682803896470844,22.56409792579978,-0.8261648602755893,0.36946797370910645
43.963129391067206,-43.90037196813583,66.18751807442202,41.78383890338738,15.744588115515878,-13.681628996296833,-6.074975050285284,7.706201590392078,-60.61747297659952,-17.33621965311428,0.36946797370910645
-16.06864181710768,19.341738152886805,6.361828385936931,-4.385859233958358,17.936028315372013,-2.206943883197488,-43.82461725492744,3.4668091091506925,3.2700562891154004,-1.1685305704129798,0.36946797370910645
-28.232081396284773,12.214386079505442,1.6131441103480468,17.692152333462282,-4.492392514226919,-18.060695599678358,-24.503677212502083,39.481398168154165,-2.081448638429952,19.549054987223645,0.36946797370910645
36.528279974975746,-16.284590166973153,33.076159694180056,77.57482456969409,24.546183603605773,-7.381428257634776,-26.87898727375897,6.258048801828104,-27.988686482145816,1.0067205449665417,0.36946797370910645
-8.79017051495965,-71.21030575927263,65.2728935221981,47.42529589093023,53.44578497894013,-18.55928078385188,9.49391639356411,12.176324345555852,-52.962706167634146,-40.92732458803807,0.36946797370910645
-78.88414586722239,55.12225054145468,6.582448389375303,28.12776348846048,-4.184354889393426,14.954355419364754,7.558978530761257,-14.323443822011251,-5.654091035443318,-3.1667628951136066,0.36946797370910645
-57.139632889455875,74.24407498647918,35.88494070454849,48.16047300806045,2.876689212316924,22.101140690361632,13.05415435034531,-9.91103551150808,-18.540885033912144,-7.095721737260511,0.36946797370910645
22.465203499928393,18.999733373095484,12.80904859067014,-49.644859877307255,-14.424688660428691,-9.350260460394345,-18.223892954536073,-14.930945141510097,-20.316137368450182,-3.4756140843284307,0.36946797370910645
-43.54442148614158,46.38172628469341,6.195247624219598,3.6567275173041205,7.093359622693296,13.959289820876746,3.9137755514385106,2.612260059123443,-9.143247768679338,-3.5895198369377654,0.36946797370910645
-94.09672105763755,-28.519861398374015,23.991795907433623,-28.83589823267903,-7.502512947781373,-46.358582777920184,-63.08898877770699,69.84453185591416,47.31111598808872,-2.8082576968213897,0.36946797370910645
-82.37243837177036,-19.0319176456099,23.382343229803755,-25.6872216905675,-7.217426967144137,-38.75174560234582,-67.56506768003817,66.57644361591325,41.425098560788534,-2.770645272714095,0.36946797370910645
14.602206819672178,21.10726081134058,-18.110925890848605,-53.47377134510955,-7.545661700189401,-81.74200350284173,54.44592202528461,9.863824291457512,-8.270377064628162,13.205063938531328,0.36946797370910645
35.093721026610304,7.779213004102477,-12.065320820506201,-13.454181131070635,-1.5156423988325807,28.834811739362166,19.55669791947125,17.73460075351237,-1.5252089597054372,-3.6668230530783967,0.36946797370910645
61.247347911425024,-8.290838182284709,3.315317259720328,58.455117003108995,-22.720024076792036,-10.349922220199227,-22.957026866072233,-27.609873874083288,-16.59119215793195,5.413190299761534,0.36946797370910645
9.747470595433501,-20.20269823783753,-5.130381455743773,41.76344877484809,-29.218527580579327,10.918203692736185,-3.6261643439599585,18.836547844533683,-18.61624908361033,12.724623388795306,0.36946797370910645
-81.94615103586516,-4.4788869304353485,6.513118005292756,5.446207975965218,8.243680054264082,-15.623527524521416,-23.400906433383962,48.402713420489206,20.253042873063418,14.898880792617147,0.36946797370910645
-38.968042256118814,8.63060811769971,11.101315826972357,41.44811205567532,-24.583029659165373,1.5991184352601486,-25.766552695047803,34.52530804482448,-14.867671247751314,22.02610397187408,0.36946797370910645
13.029031696031199,-5.815986893834997,-0.5270793897621552,38.73013863163262,9.769351406264217,-14.409846795479456,-12.940023463543419,-8.857884357886379,-7.916064624691324,3.6524721865832146,0.36946797370910645
31.63689979170585,-19.34265174457072,-4.591970489408246,23.324649331141288,-34.231878707465384,9.049844576813708,-12.516491789234331,-12.138827372031514,-28.02712773482816,21.847745014262557,0.36946797370910645
13.582248027551143,-46.16381368897974,-22.7658915180122,29.580040854055593,-55.74846445012303,21.08417137526721,37.59083181114098,25.766622116590415,-6.854521577353813,3.160703405778124,0.36946797370910645
53.546635693146,9.017157286967796,-6.785592445330263,37.11962180610259,4.919527967719395,-4.2769667377728,-33.45245502544007,-16.720962815100602,-5.84592660933138,0.16151186761273906,0.36946797370910645
93.04036784695222,69.3556474732641,5.371044572151711,-13.322515663540205,24.99312002943481,-11.43472104580299,-3.8461175654400113,5.0751869494532365,3.319983202877984,4.638276199058793,0.36946797370910645
-19.28983598209853,62.84716027535468,23.493346220302378,1.0694904776871486,-15.486841466772944,21.122951479059015,-1.997334160526945,-12.321800559332626,-9.414197837413623,-16.92117041633244,0.36946797370910645
13.928128421200254,-14.224959628307223,-17.989162725903306,-2.560207119689523,-28.8075005757259,-0.6800609550405565,10.605171268516571,3.8468024574484323,-6.634826400189584,12.659771385051414,0.36946797370910645
-27.562398596354697,-43.965184002680765,-11.413045879491632,2.295537510799518,51.5131301564257,0.9311944785867365,-20.760042082255524,-29.746250346463334,11.709133343773392,3.9312919406374167,0.36946797370910645
-78.9811318237447,23.362918566222774,1.783666627236044,3.7956971905812718,14.626741973789212,0.3307968643451254,-5.6308288073866795,-8.221872761547523,5.876540647930009,4.877291028095074,0.36946797370910645
28.043811526922802,7.128419748831872,-18.60585398333694,-39.579186535422615,-12.20348985821702,5.413995393221463,-11.496040163156287,-7.226259179908184,18.310468374367854,-9.86972215135353,0.36946797370910645
39.276310741206515,-33.23806628917603,101.04076639008555,-14.412150013809171,-27.279859632855356,-20.992884753554844,10.913877322242534,-14.620905194111822,15.466275227511348,-4.8456100650232825,0.36946797370910645
-42.076083932866204,14.676121051614608,-5.951572249801467,-45.05679417702876,-9.698741384345478,-21.507529738535357,-19.61640995260612,-1.9050757391415127,5.069691476255876,5.8242713638804045,0.36946797370910645
-45.40153346460783,-39.03006441475863,5.283990261625109,-19.374110982626167,32.26099929415615,1.8553444560376746,-3.873501278493695,-5.20042030699707,4.71747932308105,-17.041560711995313,0.36946797370910645
-5.6358951744967465,-26.02059983475318,-17.359460955477264,44.80680575714155,7.328997595054009,-4.588531598180306,-33.35201096337759,-1.3318195736477068,-2.036244912740432,16.26207106523426,0.36946797370910645
-68.14468681439448,23.6791545780224,-1.2197615031207478,-43.73534357261495,-33.20145213461287,-6.668233888283428,4.952744599254604,-12.90360794514127,9.811712522140478,-23.032477577432086,0.36946797370910645
-63.712266312825726,34.09794834903273,5.075897138504412,-30.68454368319879,-36.0744587726035,1.437309650724476,-6.548062950116649,-11.552827033132973,4.34678186066646,-25.143643446571485,0.36946797370910645
29.77014919597237,-21.42490765064784,-10.135646924869846,37.94925700154936,-33.00908412446526,2.8426779736585086,0.4794140407127209,-6.027578612124611,-3.5113593289902667,1.4371225645519141,0.36946797370910645
-20.96635672099395,-30.98840891967114,3.3191325345443214,-34.96491452923775,32.750525485414364,4.045710365562478,-9.671862498998902,-19.68054611720302,-14.86232799686073,9.07962151662488,0.36946797370910645
-72.69618841938667,40.05942419435931,-11.847718654431416,1.5185954558553483,12.32529326413664,10.437020958817227,15.26018301395645,-25.11045686570739,5.2642091341418435,0.39635633606353987,0.36946797370910645
-91.30710457344833,42.3772963793153,-10.503219103814287,20.921800630628535,-0.9593726612946999,12.932450691152006,3.9241101466180344,-29.97212381912716,-3.110288453323517,7.3076910481203186,0.36946797370910645
-61.080776196484216,-46.23106111290228,60.5543833228529,-27.08073582381759,76.15184572717773,6.329242634413085,-11.563022869950556,16.675849489755457,24.646689327503317,-19.399512299031876,0.36946797370910645
41.47321748489411,0.9782296897909775,-32.05440157672006,13.438798019779126,0.8209861610278114,5.956205848767591,3.58738582671379,2.2741918907258523,41.04807780478573,-30.6091110860478,0.36946797370910645
63.60343947213286,16.355426449059518,34.673631730921684,33.44411931372095,6.663816267608869,-13.521588109754143,-24.189044321511542,-10.560630600960387,-2.9879279228224185,-10.169416177311824,0.36946797370910645
10.512434301455796,-14.323646899301814,-10.653140485486622,22.022235780648543,17.620106419003502,2.306425129216696,12.985924836096538,32.29909320385877,2.1752578691412725,7.093372513598306,0.36946797370910645
83.09871430092245,58.2733690397937,71.02253287843718,2.959590911229037,44.94391061222823,-1.2149413289246422,-14.828175360805195,-27.056523021312017,18.109210082586493,32.561911340447644,0.36946797370910645
60.033186209709655,20.406757468337986,7.583420357367607,-1.7032350519052835,4.699811438546711,25.098132571420486,-2.464795935060587,6.861466632089939,4.342319781752079,-13.389856524286182,0.36946797370910645
1.2561622294211319,-1.0229025579929876,-24.369407591552793,-33.597646413733514,33.74659282233475,-37.8733448305686,30.271369075289194,-1.0334293589143373,-5.935806502685547,-4.119738873030817,0.36946797370910645
46.71823570832829,15.823956701244459,-11.891870070698097,40.661444588316435,13.522963751943944,-17.54659740929148,-3.0783743031021555,-22.910074316519946,-10.40610867141535,4.662539249561357,0.36946797370910645
58.38421709147796,-23.78871770807909,11.524329708232273,72.32952006054222,-32.4808032937116,-21.639795970699506,-4.130535667706569,-12.274441841321075,37.60102931465746,-61.150018724324575,0.36946797370910645
8.832386528712856,38.728384170618185,19.082469126315317,-8.056798628271284,5.634945888695557,-0.27162657889826675,-6.048927575174976,-18.54535320423182,-11.071098915554572,-2.55485627972173,0.36946797370910645
-68.62632689590954,-64.20892928488095,22.80117997597921,-28.025791990414344,67.23847497000666,4.6790549935855115,11.941044791692164,-21.29345122669301,-0.7149810306834633,-29.6810094362437,0.36946797370910645
5.005872819756327,-34.06973269583262,-18.053280285086654,-23.943452684156544,-17.021067922931557,6.279512767550645,-40.797819726094204,-35.62093397093721,-4.342954271824415,17.72458973435571,0.36946797370910645
1.673181320270664,-22.7072204006313,-34.163483611147,30.879064170416154,18.651993466099974,-25.77048253174198,5.738420305069698,-1.4342732762960322,34.18735425958497,-18.852360545402234,0.36946797370910645
14.694784771055636,-1.867557867769946,-36.51520584838607,-39.413591762358266,14.803640606045308,-46.976285818058656,-1.2266337750715708,-19.188127714022283,-3.0970537427788094,7.96447371332487,0.36946797370910645
0.9426517287194616,-93.45538620350966,43.4413854088588,13.518168619130062,-1.2399305672813268,-19.487511025901544,17.531993864797613,10.933827947722879,-55.64574140116792,-27.353181934880805,0.36946797370910645
21.39814148328578,21.548040050251522,4.861276597404405,-66.3413368401505,-3.815062465128203,-46.84226701157418,0.7432001702145622,-12.103885849246103,-12.476461857169866,-13.420012804537134,0.36946797370910645
54.20635968709606,40.33252554346593,26.85782637459096,-6.108401252251826,35.82697789963328,-19.802761729773835,-8.197918621960346,-17.36958686817655,-1.4078067844386197,-33.520965896320526,0.36946797370910645
15.633493904830317,-56.51281507676095,-27.80110060236215,27.27693633295789,-48.244106695822964,-3.035262885148787,1.6989704658284703,-9.846553637246032,-9.844305164395601,20.52273743155347,0.36946797370910645
-23.142101965351628,-94.48482183025595,39.020151319712966,2.508048429370126,40.07781935491834,-10.76987286041711,10.76162678973537,-24.552872737395106,-43.41623851525938,-13.019896168600292,0.36946797370910645
63.983043501549794,25.981716974967952,-18.588463858896045,19.70823457946524,9.403532726086215,-34.663793080976006,19.698403206884148,8.719981553075659,11.170626053236402,-14.871189633790555,0.36946797370910645
15.855276009849458,-33.60523245993036,-29.731697639839712,36.2412185588085,-27.24241842421881,3.7674828535823774,4.337233282136238,1.4178249515657846,11.26166432078444,12.342088904767945,0.36946797370910645
22.228884531133,-13.063769092874328,-21.867195169561203,29.94067960295366,7.82788893930041,-45.26136381481416,10.115828088246195,-1.0739147929562058,-4.110517197381368,9.37450539232009,0.36946797370910645
13.541539759715253,10.731888404192528,-36.479315905946805,-39.310177969053335,23.47500460977951,-39.20522741120719,-8.013986925640507,-20.324517160228087,3.9201617164663265,-7.189087380624224,0.36946797370910645
-35.312424008086296,-108.03085302250466,29.640330357376172,-0.11106752329245259,29.343294270464018,-14.53672170531741,3.3455824132518326,-12.003220501366112,-51.69742649902836,-24.047707517410775,0.36946797370910645
24.678672860413748,-28.40482075135745,-20.78485084515287,44.52628093018356,-24.56976442447224,7.423892862424404,-19.212735729181805,-18.603573276297276,-6.938260484372146,21.26937853605098,0.36946797370910645
-27.166965583527617,-69.85368027890102,28.670866518685028,-23.406696751275092,38.51115397037399,-9.80463183765282,0.1797447497877761,-13.027398275473459,-23.17070528779994,-25.354500927907193,0.36946797370910645
24.06947339320855,40.049391143805984,-24.45306764474889,-35.605309218034556,14.248441416445154,-31.542540532245255,20.891770796505487,13.365750145848144,-4.924988228289426,-0.5152187144875097,0.36946797370910645
29.17260462123038,4.024796973292976,-29.536349655787454,4.42279790049098,26.67011029886841,-17.29764205175027,25.510609859134505,20.20507548721815,6.3445673454792155,-7.6400570340012095,0.36946797370910645
24.635377068997805,-28.359129755092656,-20.480586145121027,31.47647997788446,-5.485379593639961,16.139639379914232,-29.47541876616981,-20.81632305729861,-2.880922992371078,11.160199843850242,0.36946797370910645
23.289039167184566,7.025423389551178,-41.963494234012366,17.364922244631547,22.422682170863663,-39.64891106074012,11.920971180372144,6.476524520169106,19.446133420116997,-12.97935122961091,0.36946797370910645
38.31773964562826,23.57276279316769,3.7508310447628888,61.682666242596156,43.20000942849826,-0.7915917052629989,17.862924588336234,5.117145600234595,45.73183749624219,-57.77756616759279,0.36946797370910645
62.77450354384409,35.56082450616374,-17.8887915689799,-36.72626635880429,4.701427206054533,-41.45795112081702,48.755287304586744,23.66493129986542,-21.273477393063608,3.3060808687392367,0.36946797370910645
26.898789942249742,25.970467743525475,0.4662044293939096,0.5700382823996337,42.86929344550663,-3.1853641590466646,-13.571986230369532,-13.132449757220884,10.86589515678243,-8.394657280882162,0.36946797370910645
-33.73927682502485,-80.6519743395748,14.035321365099353,-24.733827467208496,12.372542726962786,-14.636129665321294,23.588481698943415,-7.992109751380319,-10.461908455650853,-2.2647179509653586,0.36946797370910645
-80.11545155357493,14.686625588624835,-15.49916504340013,29.681433807156985,-0.1385362386982588,-6.790112421140755,-1.2345402460252057,-9.514565713552987,2.6255661763070948,28.07589195813427,0.36946797370910645
-29.483633439048408,-95.64288323957011,65.16556193431308,-38.05642556990209,-31.6073446747519,-39.12413607737613,19.299755361231206,-3.905100242854183,33.36437398815088,-8.325335391500769,0.36946797370910645
-58.031762182283515,44.68953073453841,-4.729249826441998,3.6387657142458214,3.2868345528644207,1.9639591328286614,9.50438869374855,-9.76611963686385,0.26264253542822735,0.9141395602480844,0.36946797370910645
-87.77340477486713,47.4455923692517,7.516590230278898,29.524551788913005,20.194534964014757,12.699252441666015,12.346458284048508,-12.359536868088101,0.6738380426352473,0.8926958273589013,0.36946797370910645
-100.00380018144774,41.73404974555424,-13.664176301043872,7.584572559231055,-0.09048550670139784,0.5985835350952837,6.946607931678431,-24.386982268198132,4.748218382032405,1.2220301676277416,0.36946797370910645
24.587745790325915,-1.3835209433701865,-21.067493492539743,31.930097794007622,-0.24737972169378156,-14.370292897646866,8.010171244409612,-9.534760019507067,-21.999948961370112,15.766944336493825,0.36946797370910645
-70.09483034826059,-2.891699914880141,45.51085385075676,25.551225082840354,1.5800717473489052,-5.414478656822937,10.544392947887127,67.36258342412559,-11.274454622930117,13.23479535026844,0.36946797370910645
-74.56247570977303,-16.745127037145263,0.7496671085907618,-8.633919958480332,-31.731412916875787,-27.648398001142297,-16.019083310711533,45.860557417291176,13.271548589632477,31.35339560276161,0.36946797370910645
106.72487131618318,38.61662979135085,60.521218358043136,89.53160557582375,12.766301358661938,-0.028141141114545038,11.333043844944466,4.367456179985525,26.680193987206422,-28.77136432390964,0.36946797370910645
-62.448955161242445,38.50038449639797,-14.808895604830123,-1.216497871055251,-1.505775417717399,0.0190456740766215,1.0661047235676586,-24.398141906186094,6.588920895742073,-4.0353505740979765,0.36946797370910645
-76.0763229645355,9.433395720708104,10.838772237294016,31.587958154531215,16.022647035677554,-7.98949355221597,-14.697401621467,33.48847411674275,-1.6310266103412363,28.151962998412667,0.36946797370910645
33.67368283800416,-17.524195265610487,-13.88778635040715,40.44015484017718,5.9869582063519005,-5.841072862521104,2.8528617352716448,-29.483973820627178,3.376039395034309,3.644574362762857,0.36946797370910645
-71.59929099799528,19.313725489531908,-17.290697742717374,36.07146824602098,6.144723908262442,-4.958595428324923,14.57086450040615,-22.72574958578556,1.232986139991109,14.858058700620564,0.36946797370910645
11.375478347411294,-37.59351758416785,-38.64345101306928,35.89834527355475,-26.684011260936913,1.9338039634202058,-3.226546464255586,-5.665313544310228,-6.955086415300381,35.33521764916667,0.36946797370910645
19.815964276847346,-11.38058039031877,-41.094980683972075,33.941267029684525,3.0459696889709384,-25.953893868647768,20.82829588704818,7.484545357076558,30.65960051131657,-18.08971799968086,0.36946797370910645
-37.27643557532313,53.10479042854469,18.127469546637947,-22.392983265256433,-16.102652254974263,5.438986771745511,5.421081682282225,-12.834861605105221,-5.67937476874382,-24.279381325692533,0.36946797370910645
25.55622841228285,-23.315465731901643,-19.783365528992395,-15.704709418050337,-21.162437553672202,25.5877392380259,19.26639048331744,-1.5193430106102486,14.259960568699011,-15.351169676852741,0.36946797370910645
-32.44163681213791,-89.12511086381473,44.26732172370822,-41.65619492179271,-40.78422051235811,-39.4399383589393,25.43738756441413,-18.6947656169233,26.96854040814079,1.7459998099108538,0.36946797370910645
-75.0427710125493,16.002694948468456,-17.332919919738988,58.37630206337465,26.352795833386963,6.596850039900715,36.4382276441517,-9.653590157745032,-5.8147833042552355,23.09108166310433,0.36946797370910645
21.069553860127943,-14.261050288027247,-4.712206910891318,-14.256938540456193,16.360602356271265,4.147706469501376,-10.958201613102421,-10.349011814667048,-1.2986832126628716,-11.256202242575375,0.36946797370910645
7.944198108655181,-36.07571318415287,-21.490007564594542,-22.665397070449046,-17.676481374238566,1.433149862870728,-41.440074476371656,-37.757344006809376,-1.1354598931646303,16.969042054756205,0.36946797370910645
-2.0040009408304322,-45.882031413888235,17.77653655347219,-31.72016243983429,-12.518976251746892,-3.555691118509192,11.018884560870221,-5.8345739785648245,-15.667699162463908,-7.619272909193139,0.36946797370910645
20.42795453199089,-33.23689080904166,70.70771212531432,-29.08088285224984,-29.435682666492955,-20.05245013212167,13.74513376660422,-17.28708744941603,-7.973082915720268,7.238380437337744,0.36946797370910645
55.78995814034823,7.106925611940374,9.3989053970529,68.92145680891117,27.333245564372856,2.484855211142799,-9.85205139622824,-27.40816303597302,1.891529716041663,-15.825548163471195,0.36946797370910645
